{
  "features": [
    {
      "pos": [
        103,
        17,
        75
      ],
      "name": "Start 0",
      "color": -16711681,
      "type": "START",
      "canProceed": false,
      "isDone": false,
      "completionTime": 0,
      "uuid": "960698f3-279a-4285-be39-06f4ed147820",
      "pos2": [
        3,
        4,
        6
      ],
      "lookDir": [
        0,
        270,
        0
      ],
      "dim": 0,
      "spawnedInServer": false,
      "spawnedInClient": false,
      "spawnRand": false
    },
    {
      "pos": [
        142,
        17,
        80
      ],
      "name": "Patrol_Gray",
      "color": -65281,
      "type": "ENTITY_PATROL",
      "canProceed": false,
      "isDone": false,
      "completionTime": 0,
      "uuid": "7dba94e8-604e-4f88-9f24-a2c350a1fb93",
      "entityColor": "BLACK",
      "addArmor": false,
      "patrolType": "GRAY",
      "canThrow": false,
      "throwDistance": 1,
      "persuePlayer": false,
      "persueChance": 0,
      "throwRand": false,
      "teleportChance": 0,
      "expiditeActChance": 0,
      "delayActChance": 0,
      "trapDistance": 0,
      "captureDistance": 2.5
    },
    {
      "pos": [
        146,
        17,
        76
      ],
      "name": "Patrol_Gray",
      "color": -65281,
      "type": "ENTITY_PATROL",
      "canProceed": false,
      "isDone": false,
      "completionTime": 0,
      "uuid": "4d4d2f89-bcdf-4175-9877-1f28d7a3db62",
      "entityColor": "BLACK",
      "addArmor": false,
      "patrolType": "GRAY",
      "canThrow": false,
      "throwDistance": 1,
      "persuePlayer": false,
      "persueChance": 0,
      "throwRand": false,
      "teleportChance": 0,
      "expiditeActChance": 0,
      "delayActChance": 0,
      "trapDistance": 0,
      "captureDistance": 2.5
    },
    {
      "pos": [
        139,
        17,
        68
      ],
      "name": "Patrol_Gray",
      "color": -65281,
      "type": "ENTITY_PATROL",
      "canProceed": false,
      "isDone": false,
      "completionTime": 0,
      "uuid": "1e326e99-fc37-45b3-b39b-b9de90f54363",
      "entityColor": "BLACK",
      "addArmor": false,
      "patrolType": "GRAY",
      "canThrow": false,
      "throwDistance": 1,
      "persuePlayer": false,
      "persueChance": 0,
      "throwRand": false,
      "teleportChance": 0,
      "expiditeActChance": 0,
      "delayActChance": 0,
      "trapDistance": 0,
      "captureDistance": 2.5
    },
    {
      "pos": [
        140,
        17,
        84
      ],
      "name": "Patrol_Blue",
      "color": -65281,
      "type": "ENTITY_PATROL",
      "canProceed": false,
      "isDone": false,
      "completionTime": 0,
      "uuid": "10d60b2f-598c-47af-ac7b-e9cfe2507455",
      "entityColor": "BLACK",
      "addArmor": false,
      "patrolType": "BLUE",
      "canThrow": false,
      "throwDistance": 1,
      "persuePlayer": false,
      "persueChance": 0,
      "throwRand": false,
      "teleportChance": 0,
      "expiditeActChance": 0,
      "delayActChance": 0,
      "trapDistance": 0,
      "captureDistance": 2.5
    },
    {
      "pos": [
        142,
        17,
        70
      ],
      "name": "Patrol_Red",
      "color": -65281,
      "type": "ENTITY_PATROL",
      "canProceed": false,
      "isDone": false,
      "completionTime": 0,
      "uuid": "b3acd6f3-98bd-41a2-afdc-1421c77d22b5",
      "entityColor": "BLACK",
      "addArmor": false,
      "patrolType": "RED",
      "canThrow": false,
      "throwDistance": 1,
      "persuePlayer": false,
      "persueChance": 0,
      "throwRand": false,
      "teleportChance": 0,
      "expiditeActChance": 0,
      "delayActChance": 0,
      "trapDistance": 0,
      "captureDistance": 2.5
    },
    {
      "pos": [
        115,
        17,
        83
      ],
      "name": "Patrol_Blue",
      "color": -65281,
      "type": "ENTITY_PATROL",
      "canProceed": false,
      "isDone": false,
      "completionTime": 0,
      "uuid": "91c60bb4-deaa-4ddd-8f7a-8cf2de1a65cc",
      "entityColor": "BLACK",
      "addArmor": false,
      "patrolType": "BLUE",
      "canThrow": false,
      "throwDistance": 1,
      "persuePlayer": false,
      "persueChance": 0,
      "throwRand": false,
      "teleportChance": 0,
      "expiditeActChance": 0,
      "delayActChance": 0,
      "trapDistance": 0,
      "captureDistance": 2.5
    },
    {
      "pos": [
        129,
        17,
        90
      ],
      "name": "Patrol_Gray",
      "color": -65281,
      "type": "ENTITY_PATROL",
      "canProceed": false,
      "isDone": false,
      "completionTime": 0,
      "uuid": "c6af1f3b-d3b5-45b2-8fa5-1d5544601a91",
      "entityColor": "BLACK",
      "addArmor": false,
      "patrolType": "GRAY",
      "canThrow": false,
      "throwDistance": 1,
      "persuePlayer": false,
      "persueChance": 0,
      "throwRand": false,
      "teleportChance": 0,
      "expiditeActChance": 0,
      "delayActChance": 0,
      "trapDistance": 0,
      "captureDistance": 2.5
    },
    {
      "pos": [
        123,
        17,
        88
      ],
      "name": "Patrol_Gray",
      "color": -65281,
      "type": "ENTITY_PATROL",
      "canProceed": false,
      "isDone": false,
      "completionTime": 0,
      "uuid": "9d8ba2e2-54db-4dfa-af05-465b9c35e200",
      "entityColor": "BLACK",
      "addArmor": false,
      "patrolType": "GRAY",
      "canThrow": false,
      "throwDistance": 1,
      "persuePlayer": false,
      "persueChance": 0,
      "throwRand": false,
      "teleportChance": 0,
      "expiditeActChance": 0,
      "delayActChance": 0,
      "trapDistance": 0,
      "captureDistance": 2.5
    },
    {
      "pos": [
        117,
        17,
        66
      ],
      "name": "Patrol_Blue",
      "color": -65281,
      "type": "ENTITY_PATROL",
      "canProceed": false,
      "isDone": false,
      "completionTime": 0,
      "uuid": "2a9caf15-2a8a-4257-958c-281c39b12cdc",
      "entityColor": "BLACK",
      "addArmor": false,
      "patrolType": "BLUE",
      "canThrow": false,
      "throwDistance": 1,
      "persuePlayer": false,
      "persueChance": 0,
      "throwRand": false,
      "teleportChance": 0,
      "expiditeActChance": 0,
      "delayActChance": 0,
      "trapDistance": 0,
      "captureDistance": 2.5
    },
    {
      "pos": [
        124,
        17,
        73
      ],
      "name": "Patrol_Blue",
      "color": -65281,
      "type": "ENTITY_PATROL",
      "canProceed": false,
      "isDone": false,
      "completionTime": 0,
      "uuid": "fb997053-b6b1-4a21-9831-299197579fd6",
      "entityColor": "BLACK",
      "addArmor": false,
      "patrolType": "BLUE",
      "canThrow": false,
      "throwDistance": 1,
      "persuePlayer": false,
      "persueChance": 0,
      "throwRand": false,
      "teleportChance": 0,
      "expiditeActChance": 0,
      "delayActChance": 0,
      "trapDistance": 0,
      "captureDistance": 2.5
    },
    {
      "pos": [
        116,
        17,
        69
      ],
      "name": "Patrol_Blue",
      "color": -65281,
      "type": "ENTITY_PATROL",
      "canProceed": false,
      "isDone": false,
      "completionTime": 0,
      "uuid": "f1239356-e7db-413b-b98b-6941e7034150",
      "entityColor": "BLACK",
      "addArmor": false,
      "patrolType": "BLUE",
      "canThrow": false,
      "throwDistance": 1,
      "persuePlayer": false,
      "persueChance": 0,
      "throwRand": false,
      "teleportChance": 0,
      "expiditeActChance": 0,
      "delayActChance": 0,
      "trapDistance": 0,
      "captureDistance": 2.5
    },
    {
      "pos": [
        117,
        17,
        74
      ],
      "name": "Patrol_Gray",
      "color": -65281,
      "type": "ENTITY_PATROL",
      "canProceed": false,
      "isDone": false,
      "completionTime": 0,
      "uuid": "2f202222-dba0-45e0-be3f-a5eb1a9eeb10",
      "entityColor": "BLACK",
      "addArmor": false,
      "patrolType": "GRAY",
      "canThrow": false,
      "throwDistance": 1,
      "persuePlayer": false,
      "persueChance": 0,
      "throwRand": false,
      "teleportChance": 0,
      "expiditeActChance": 0,
      "delayActChance": 0,
      "trapDistance": 0,
      "captureDistance": 2.5
    },
    {
      "pos": [
        117,
        17,
        72
      ],
      "name": "Patrol_Gray",
      "color": -65281,
      "type": "ENTITY_PATROL",
      "canProceed": false,
      "isDone": false,
      "completionTime": 0,
      "uuid": "5d55071d-0bb2-4824-a414-06a5c9dd3321",
      "entityColor": "BLACK",
      "addArmor": false,
      "patrolType": "GRAY",
      "canThrow": false,
      "throwDistance": 1,
      "persuePlayer": false,
      "persueChance": 0,
      "throwRand": false,
      "teleportChance": 0,
      "expiditeActChance": 0,
      "delayActChance": 0,
      "trapDistance": 0,
      "captureDistance": 2.5
    },
    {
      "pos": [
        120,
        17,
        73
      ],
      "name": "Patrol_Blue",
      "color": -65281,
      "type": "ENTITY_PATROL",
      "canProceed": false,
      "isDone": false,
      "completionTime": 0,
      "uuid": "3fb47eb6-8c9e-4281-982f-3f24ba4cd479",
      "entityColor": "BLACK",
      "addArmor": false,
      "patrolType": "BLUE",
      "canThrow": false,
      "throwDistance": 1,
      "persuePlayer": false,
      "persueChance": 0,
      "throwRand": false,
      "teleportChance": 0,
      "expiditeActChance": 0,
      "delayActChance": 0,
      "trapDistance": 0,
      "captureDistance": 2.5
    },
    {
      "pos": [
        108,
        17,
        85
      ],
      "name": "Patrol_Blue",
      "color": -65281,
      "type": "ENTITY_PATROL",
      "canProceed": false,
      "isDone": false,
      "completionTime": 0,
      "uuid": "127178d3-d8c9-462c-bec7-33f7f616e17f",
      "entityColor": "BLACK",
      "addArmor": false,
      "patrolType": "BLUE",
      "canThrow": false,
      "throwDistance": 1,
      "persuePlayer": false,
      "persueChance": 0,
      "throwRand": false,
      "teleportChance": 0,
      "expiditeActChance": 0,
      "delayActChance": 0,
      "trapDistance": 0,
      "captureDistance": 2.5
    },
    {
      "pos": [
        92,
        17,
        84
      ],
      "name": "Patrol_Gray",
      "color": -65281,
      "type": "ENTITY_PATROL",
      "canProceed": false,
      "isDone": false,
      "completionTime": 0,
      "uuid": "e595f5ce-d5dd-4981-98ff-2a9a33a2fd8f",
      "entityColor": "BLACK",
      "addArmor": false,
      "patrolType": "GRAY",
      "canThrow": false,
      "throwDistance": 1,
      "persuePlayer": false,
      "persueChance": 0,
      "throwRand": false,
      "teleportChance": 0,
      "expiditeActChance": 0,
      "delayActChance": 0,
      "trapDistance": 0,
      "captureDistance": 2.5
    },
    {
      "pos": [
        91,
        17,
        86
      ],
      "name": "Patrol_Blue",
      "color": -65281,
      "type": "ENTITY_PATROL",
      "canProceed": false,
      "isDone": false,
      "completionTime": 0,
      "uuid": "c27220b6-3548-4c8b-851e-d4183a81adef",
      "entityColor": "BLACK",
      "addArmor": false,
      "patrolType": "BLUE",
      "canThrow": false,
      "throwDistance": 1,
      "persuePlayer": false,
      "persueChance": 0,
      "throwRand": false,
      "teleportChance": 0,
      "expiditeActChance": 0,
      "delayActChance": 0,
      "trapDistance": 0,
      "captureDistance": 2.5
    },
    {
      "pos": [
        104,
        17,
        80
      ],
      "name": "dog",
      "color": -65281,
      "type": "ENTITY_DOG",
      "canProceed": false,
      "isDone": false,
      "completionTime": 0,
      "uuid": "09d7f0df-5948-4149-ab3c-cc60a2844d81",
      "entityColor": "BLACK",
      "addArmor": false
    },
    {
      "pos": [
        136,
        16,
        64
      ],
      "name": "Room_4",
      "color": -16711936,
      "type": "ROOM",
      "canProceed": false,
      "isDone": false,
      "completionTime": 0,
      "uuid": "a05b7f1c-6269-4f81-b6f4-9711b8a5e876",
      "pos2": [
        151,
        23,
        87
      ],
      "blockFloorMeta": 0,
      "blockFloorName": "polycraft:expblock",
      "blockWallMeta": 0,
      "blockWallName": "polycraft:expblock",
      "blockWallMetaTwo": 0,
      "blockCeilMeta": 0,
      "blockCeilName": "minecraft:air",
      "blockRefMeta": 0,
      "blockRefName": "minecraft:grass",
      "spawnRefBlocks": false,
      "recycleRefSeed": true,
      "isChunkBased": true,
      "refSeed": -1900587505,
      "refSpawnChance": 0.0,
      "intensity": 596,
      "useRandomMeta": false,
      "wallTexture": "T0",
      "wallColor": "T0",
      "floorTexture": "T6",
      "floorColor": "T2",
      "chunks": [
        {
          "pos": [
            17,
            2,
            8
          ],
          "wallConfiguration": [
            {
              "face": "west",
              "config": {
                "type": "EXTERNAL",
                "wallConfiguration": [],
                "defaultPath": {
                  "type": "BLUEPRINT",
                  "reversed": false,
                  "buttonLocation": "NONE",
                  "pressurePlaceLocation": "NONE",
                  "keyMetas": []
                }
              }
            },
            {
              "face": "east",
              "config": {
                "type": "INTERNAL",
                "wallConfiguration": [],
                "defaultPath": {
                  "type": "BLUEPRINT",
                  "reversed": false,
                  "buttonLocation": "NONE",
                  "pressurePlaceLocation": "NONE",
                  "keyMetas": []
                }
              }
            },
            {
              "face": "south",
              "config": {
                "type": "INTERNAL",
                "wallConfiguration": [],
                "defaultPath": {
                  "type": "BLUEPRINT",
                  "reversed": false,
                  "buttonLocation": "NONE",
                  "pressurePlaceLocation": "NONE",
                  "keyMetas": []
                }
              }
            },
            {
              "face": "north",
              "config": {
                "type": "EXTERNAL",
                "wallConfiguration": [],
                "defaultPath": {
                  "type": "BLUEPRINT",
                  "reversed": false,
                  "buttonLocation": "NONE",
                  "pressurePlaceLocation": "NONE",
                  "keyMetas": []
                }
              }
            }
          ],
          "roomID": 4
        },
        {
          "pos": [
            18,
            2,
            8
          ],
          "wallConfiguration": [
            {
              "face": "west",
              "config": {
                "type": "INTERNAL",
                "wallConfiguration": [],
                "defaultPath": {
                  "type": "BLUEPRINT",
                  "reversed": false,
                  "buttonLocation": "NONE",
                  "pressurePlaceLocation": "NONE",
                  "keyMetas": []
                }
              }
            },
            {
              "face": "east",
              "config": {
                "type": "EXTERNAL",
                "wallConfiguration": [],
                "defaultPath": {
                  "type": "BLUEPRINT",
                  "reversed": false,
                  "buttonLocation": "NONE",
                  "pressurePlaceLocation": "NONE",
                  "keyMetas": []
                }
              }
            },
            {
              "face": "south",
              "config": {
                "type": "INTERNAL",
                "wallConfiguration": [],
                "defaultPath": {
                  "type": "BLUEPRINT",
                  "reversed": false,
                  "buttonLocation": "NONE",
                  "pressurePlaceLocation": "NONE",
                  "keyMetas": []
                }
              }
            },
            {
              "face": "north",
              "config": {
                "type": "EXTERNAL",
                "wallConfiguration": [],
                "defaultPath": {
                  "type": "BLUEPRINT",
                  "reversed": false,
                  "buttonLocation": "NONE",
                  "pressurePlaceLocation": "NONE",
                  "keyMetas": []
                }
              }
            }
          ],
          "roomID": 4
        },
        {
          "pos": [
            17,
            2,
            9
          ],
          "wallConfiguration": [
            {
              "face": "west",
              "config": {
                "type": "EXTERNAL",
                "wallConfiguration": [],
                "defaultPath": {
                  "type": "BLUEPRINT",
                  "reversed": false,
                  "buttonLocation": "NONE",
                  "pressurePlaceLocation": "NONE",
                  "keyMetas": []
                }
              }
            },
            {
              "face": "east",
              "config": {
                "type": "INTERNAL",
                "wallConfiguration": [],
                "defaultPath": {
                  "type": "BLUEPRINT",
                  "reversed": false,
                  "buttonLocation": "NONE",
                  "pressurePlaceLocation": "NONE",
                  "keyMetas": []
                }
              }
            },
            {
              "face": "south",
              "config": {
                "type": "INTERNAL",
                "wallConfiguration": [],
                "defaultPath": {
                  "type": "BLUEPRINT",
                  "reversed": false,
                  "buttonLocation": "NONE",
                  "pressurePlaceLocation": "NONE",
                  "keyMetas": []
                }
              }
            },
            {
              "face": "north",
              "config": {
                "type": "INTERNAL",
                "wallConfiguration": [],
                "defaultPath": {
                  "type": "BLUEPRINT",
                  "reversed": false,
                  "buttonLocation": "NONE",
                  "pressurePlaceLocation": "NONE",
                  "keyMetas": []
                }
              }
            }
          ],
          "roomID": 4
        },
        {
          "pos": [
            18,
            2,
            9
          ],
          "wallConfiguration": [
            {
              "face": "west",
              "config": {
                "type": "INTERNAL",
                "wallConfiguration": [],
                "defaultPath": {
                  "type": "BLUEPRINT",
                  "reversed": false,
                  "buttonLocation": "NONE",
                  "pressurePlaceLocation": "NONE",
                  "keyMetas": []
                }
              }
            },
            {
              "face": "east",
              "config": {
                "type": "EXTERNAL",
                "wallConfiguration": [],
                "defaultPath": {
                  "type": "BLUEPRINT",
                  "reversed": false,
                  "buttonLocation": "NONE",
                  "pressurePlaceLocation": "NONE",
                  "keyMetas": []
                }
              }
            },
            {
              "face": "south",
              "config": {
                "type": "INTERNAL",
                "wallConfiguration": [],
                "defaultPath": {
                  "type": "BLUEPRINT",
                  "reversed": false,
                  "buttonLocation": "NONE",
                  "pressurePlaceLocation": "NONE",
                  "keyMetas": []
                }
              }
            },
            {
              "face": "north",
              "config": {
                "type": "INTERNAL",
                "wallConfiguration": [],
                "defaultPath": {
                  "type": "BLUEPRINT",
                  "reversed": false,
                  "buttonLocation": "NONE",
                  "pressurePlaceLocation": "NONE",
                  "keyMetas": []
                }
              }
            }
          ],
          "roomID": 4
        },
        {
          "pos": [
            17,
            2,
            10
          ],
          "wallConfiguration": [
            {
              "face": "west",
              "config": {
                "type": "ROOM_ADJACENT",
                "wallConfiguration": [
                  {
                    "slot": 6,
                    "config": {
                      "type": "OPEN",
                      "reversed": false,
                      "buttonLocation": "NONE",
                      "pressurePlaceLocation": "NONE",
                      "keyMetas": []
                    }
                  }
                ],
                "defaultPath": {
                  "type": "BLUEPRINT",
                  "reversed": false,
                  "buttonLocation": "NONE",
                  "pressurePlaceLocation": "NONE",
                  "keyMetas": []
                }
              }
            },
            {
              "face": "east",
              "config": {
                "type": "INTERNAL",
                "wallConfiguration": [],
                "defaultPath": {
                  "type": "BLUEPRINT",
                  "reversed": false,
                  "buttonLocation": "NONE",
                  "pressurePlaceLocation": "NONE",
                  "keyMetas": []
                }
              }
            },
            {
              "face": "south",
              "config": {
                "type": "EXTERNAL",
                "wallConfiguration": [],
                "defaultPath": {
                  "type": "BLUEPRINT",
                  "reversed": false,
                  "buttonLocation": "NONE",
                  "pressurePlaceLocation": "NONE",
                  "keyMetas": []
                }
              }
            },
            {
              "face": "north",
              "config": {
                "type": "INTERNAL",
                "wallConfiguration": [],
                "defaultPath": {
                  "type": "BLUEPRINT",
                  "reversed": false,
                  "buttonLocation": "NONE",
                  "pressurePlaceLocation": "NONE",
                  "keyMetas": []
                }
              }
            }
          ],
          "roomID": 4
        },
        {
          "pos": [
            18,
            2,
            10
          ],
          "wallConfiguration": [
            {
              "face": "west",
              "config": {
                "type": "INTERNAL",
                "wallConfiguration": [],
                "defaultPath": {
                  "type": "BLUEPRINT",
                  "reversed": false,
                  "buttonLocation": "NONE",
                  "pressurePlaceLocation": "NONE",
                  "keyMetas": []
                }
              }
            },
            {
              "face": "east",
              "config": {
                "type": "EXTERNAL",
                "wallConfiguration": [],
                "defaultPath": {
                  "type": "BLUEPRINT",
                  "reversed": false,
                  "buttonLocation": "NONE",
                  "pressurePlaceLocation": "NONE",
                  "keyMetas": []
                }
              }
            },
            {
              "face": "south",
              "config": {
                "type": "EXTERNAL",
                "wallConfiguration": [],
                "defaultPath": {
                  "type": "BLUEPRINT",
                  "reversed": false,
                  "buttonLocation": "NONE",
                  "pressurePlaceLocation": "NONE",
                  "keyMetas": []
                }
              }
            },
            {
              "face": "north",
              "config": {
                "type": "INTERNAL",
                "wallConfiguration": [],
                "defaultPath": {
                  "type": "BLUEPRINT",
                  "reversed": false,
                  "buttonLocation": "NONE",
                  "pressurePlaceLocation": "NONE",
                  "keyMetas": []
                }
              }
            }
          ],
          "roomID": 4
        }
      ],
      "tagList": [
        "rm_4",
        "locked_door"
      ],
      "canPlayerSpawn": false,
      "doors": []
    },
    {
      "pos": [
        112,
        16,
        80
      ],
      "name": "Room_3",
      "color": -16711936,
      "type": "ROOM",
      "canProceed": false,
      "isDone": false,
      "completionTime": 0,
      "uuid": "4be9d2b3-3f3f-4a79-9f7e-2cb1b0037a8b",
      "pos2": [
        135,
        23,
        95
      ],
      "blockFloorMeta": 0,
      "blockFloorName": "polycraft:expblock",
      "blockWallMeta": 0,
      "blockWallName": "polycraft:expblock",
      "blockWallMetaTwo": 0,
      "blockCeilMeta": 0,
      "blockCeilName": "minecraft:air",
      "blockRefMeta": 0,
      "blockRefName": "minecraft:grass",
      "spawnRefBlocks": false,
      "recycleRefSeed": true,
      "isChunkBased": true,
      "refSeed": -2097502031,
      "refSpawnChance": 0.0,
      "intensity": 596,
      "useRandomMeta": false,
      "wallTexture": "T3",
      "wallColor": "T3",
      "floorTexture": "T7",
      "floorColor": "T3",
      "chunks": [
        {
          "pos": [
            14,
            2,
            10
          ],
          "wallConfiguration": [
            {
              "face": "west",
              "config": {
                "type": "EXTERNAL",
                "wallConfiguration": [],
                "defaultPath": {
                  "type": "BLUEPRINT",
                  "reversed": false,
                  "buttonLocation": "NONE",
                  "pressurePlaceLocation": "NONE",
                  "keyMetas": []
                }
              }
            },
            {
              "face": "east",
              "config": {
                "type": "INTERNAL",
                "wallConfiguration": [],
                "defaultPath": {
                  "type": "BLUEPRINT",
                  "reversed": false,
                  "buttonLocation": "NONE",
                  "pressurePlaceLocation": "NONE",
                  "keyMetas": []
                }
              }
            },
            {
              "face": "south",
              "config": {
                "type": "INTERNAL",
                "wallConfiguration": [],
                "defaultPath": {
                  "type": "BLUEPRINT",
                  "reversed": false,
                  "buttonLocation": "NONE",
                  "pressurePlaceLocation": "NONE",
                  "keyMetas": []
                }
              }
            },
            {
              "face": "north",
              "config": {
                "type": "ROOM_ADJACENT",
                "wallConfiguration": [
                  {
                    "slot": 6,
                    "config": {
                      "type": "OPEN",
                      "reversed": false,
                      "buttonLocation": "NONE",
                      "pressurePlaceLocation": "NONE",
                      "keyMetas": []
                    }
                  }
                ],
                "defaultPath": {
                  "type": "BLUEPRINT",
                  "reversed": false,
                  "buttonLocation": "NONE",
                  "pressurePlaceLocation": "NONE",
                  "keyMetas": []
                }
              }
            }
          ],
          "roomID": 3
        },
        {
          "pos": [
            15,
            2,
            10
          ],
          "wallConfiguration": [
            {
              "face": "west",
              "config": {
                "type": "INTERNAL",
                "wallConfiguration": [],
                "defaultPath": {
                  "type": "BLUEPRINT",
                  "reversed": false,
                  "buttonLocation": "NONE",
                  "pressurePlaceLocation": "NONE",
                  "keyMetas": []
                }
              }
            },
            {
              "face": "east",
              "config": {
                "type": "INTERNAL",
                "wallConfiguration": [],
                "defaultPath": {
                  "type": "BLUEPRINT",
                  "reversed": false,
                  "buttonLocation": "NONE",
                  "pressurePlaceLocation": "NONE",
                  "keyMetas": []
                }
              }
            },
            {
              "face": "south",
              "config": {
                "type": "INTERNAL",
                "wallConfiguration": [],
                "defaultPath": {
                  "type": "BLUEPRINT",
                  "reversed": false,
                  "buttonLocation": "NONE",
                  "pressurePlaceLocation": "NONE",
                  "keyMetas": []
                }
              }
            },
            {
              "face": "north",
              "config": {
                "type": "ROOM_ADJACENT",
                "wallConfiguration": [
                  {
                    "slot": 5,
                    "config": {
                      "type": "OPEN",
                      "reversed": false,
                      "buttonLocation": "NONE",
                      "pressurePlaceLocation": "NONE",
                      "keyMetas": []
                    }
                  }
                ],
                "defaultPath": {
                  "type": "BLUEPRINT",
                  "reversed": false,
                  "buttonLocation": "NONE",
                  "pressurePlaceLocation": "NONE",
                  "keyMetas": []
                }
              }
            }
          ],
          "roomID": 3
        },
        {
          "pos": [
            14,
            2,
            11
          ],
          "wallConfiguration": [
            {
              "face": "west",
              "config": {
                "type": "EXTERNAL",
                "wallConfiguration": [],
                "defaultPath": {
                  "type": "BLUEPRINT",
                  "reversed": false,
                  "buttonLocation": "NONE",
                  "pressurePlaceLocation": "NONE",
                  "keyMetas": []
                }
              }
            },
            {
              "face": "east",
              "config": {
                "type": "INTERNAL",
                "wallConfiguration": [],
                "defaultPath": {
                  "type": "BLUEPRINT",
                  "reversed": false,
                  "buttonLocation": "NONE",
                  "pressurePlaceLocation": "NONE",
                  "keyMetas": []
                }
              }
            },
            {
              "face": "south",
              "config": {
                "type": "EXTERNAL",
                "wallConfiguration": [],
                "defaultPath": {
                  "type": "BLUEPRINT",
                  "reversed": false,
                  "buttonLocation": "NONE",
                  "pressurePlaceLocation": "NONE",
                  "keyMetas": []
                }
              }
            },
            {
              "face": "north",
              "config": {
                "type": "INTERNAL",
                "wallConfiguration": [],
                "defaultPath": {
                  "type": "BLUEPRINT",
                  "reversed": false,
                  "buttonLocation": "NONE",
                  "pressurePlaceLocation": "NONE",
                  "keyMetas": []
                }
              }
            }
          ],
          "roomID": 3
        },
        {
          "pos": [
            16,
            2,
            10
          ],
          "wallConfiguration": [
            {
              "face": "west",
              "config": {
                "type": "INTERNAL",
                "wallConfiguration": [],
                "defaultPath": {
                  "type": "BLUEPRINT",
                  "reversed": false,
                  "buttonLocation": "NONE",
                  "pressurePlaceLocation": "NONE",
                  "keyMetas": []
                }
              }
            },
            {
              "face": "east",
              "config": {
                "type": "ROOM_ADJACENT",
                "wallConfiguration": [
                  {
                    "slot": 6,
                    "config": {
                      "type": "DOOR_LOCKED",
                      "reversed": false,
                      "buttonLocation": "NONE",
                      "pressurePlaceLocation": "NONE",
                      "keyMetas": [
                        2,
                        1,
                        4
                      ]
                    }
                  }
                ],
                "defaultPath": {
                  "type": "BLUEPRINT",
                  "reversed": false,
                  "buttonLocation": "NONE",
                  "pressurePlaceLocation": "NONE",
                  "keyMetas": []
                }
              }
            },
            {
              "face": "south",
              "config": {
                "type": "INTERNAL",
                "wallConfiguration": [],
                "defaultPath": {
                  "type": "BLUEPRINT",
                  "reversed": false,
                  "buttonLocation": "NONE",
                  "pressurePlaceLocation": "NONE",
                  "keyMetas": []
                }
              }
            },
            {
              "face": "north",
              "config": {
                "type": "EXTERNAL",
                "wallConfiguration": [],
                "defaultPath": {
                  "type": "BLUEPRINT",
                  "reversed": false,
                  "buttonLocation": "NONE",
                  "pressurePlaceLocation": "NONE",
                  "keyMetas": []
                }
              }
            }
          ],
          "roomID": 3
        },
        {
          "pos": [
            15,
            2,
            11
          ],
          "wallConfiguration": [
            {
              "face": "west",
              "config": {
                "type": "INTERNAL",
                "wallConfiguration": [],
                "defaultPath": {
                  "type": "BLUEPRINT",
                  "reversed": false,
                  "buttonLocation": "NONE",
                  "pressurePlaceLocation": "NONE",
                  "keyMetas": []
                }
              }
            },
            {
              "face": "east",
              "config": {
                "type": "INTERNAL",
                "wallConfiguration": [],
                "defaultPath": {
                  "type": "BLUEPRINT",
                  "reversed": false,
                  "buttonLocation": "NONE",
                  "pressurePlaceLocation": "NONE",
                  "keyMetas": []
                }
              }
            },
            {
              "face": "south",
              "config": {
                "type": "EXTERNAL",
                "wallConfiguration": [],
                "defaultPath": {
                  "type": "BLUEPRINT",
                  "reversed": false,
                  "buttonLocation": "NONE",
                  "pressurePlaceLocation": "NONE",
                  "keyMetas": []
                }
              }
            },
            {
              "face": "north",
              "config": {
                "type": "INTERNAL",
                "wallConfiguration": [],
                "defaultPath": {
                  "type": "BLUEPRINT",
                  "reversed": false,
                  "buttonLocation": "NONE",
                  "pressurePlaceLocation": "NONE",
                  "keyMetas": []
                }
              }
            }
          ],
          "roomID": 3
        },
        {
          "pos": [
            16,
            2,
            11
          ],
          "wallConfiguration": [
            {
              "face": "west",
              "config": {
                "type": "INTERNAL",
                "wallConfiguration": [],
                "defaultPath": {
                  "type": "BLUEPRINT",
                  "reversed": false,
                  "buttonLocation": "NONE",
                  "pressurePlaceLocation": "NONE",
                  "keyMetas": []
                }
              }
            },
            {
              "face": "east",
              "config": {
                "type": "EXTERNAL",
                "wallConfiguration": [],
                "defaultPath": {
                  "type": "BLUEPRINT",
                  "reversed": false,
                  "buttonLocation": "NONE",
                  "pressurePlaceLocation": "NONE",
                  "keyMetas": []
                }
              }
            },
            {
              "face": "south",
              "config": {
                "type": "EXTERNAL",
                "wallConfiguration": [],
                "defaultPath": {
                  "type": "BLUEPRINT",
                  "reversed": false,
                  "buttonLocation": "NONE",
                  "pressurePlaceLocation": "NONE",
                  "keyMetas": []
                }
              }
            },
            {
              "face": "north",
              "config": {
                "type": "INTERNAL",
                "wallConfiguration": [],
                "defaultPath": {
                  "type": "BLUEPRINT",
                  "reversed": false,
                  "buttonLocation": "NONE",
                  "pressurePlaceLocation": "NONE",
                  "keyMetas": []
                }
              }
            }
          ],
          "roomID": 3
        }
      ],
      "tagList": [
        "rm_3"
      ],
      "canPlayerSpawn": false,
      "doors": []
    },
    {
      "pos": [
        112,
        16,
        64
      ],
      "name": "Room_2",
      "color": -16711936,
      "type": "ROOM",
      "canProceed": false,
      "isDone": false,
      "completionTime": 0,
      "uuid": "af7277eb-5317-45ce-85aa-6828cabcf56b",
      "pos2": [
        127,
        23,
        79
      ],
      "blockFloorMeta": 0,
      "blockFloorName": "polycraft:expblock",
      "blockWallMeta": 0,
      "blockWallName": "polycraft:expblock",
      "blockWallMetaTwo": 0,
      "blockCeilMeta": 0,
      "blockCeilName": "minecraft:air",
      "blockRefMeta": 0,
      "blockRefName": "minecraft:grass",
      "spawnRefBlocks": false,
      "recycleRefSeed": true,
      "isChunkBased": true,
      "refSeed": 364002802,
      "refSpawnChance": 0.0,
      "intensity": 596,
      "useRandomMeta": false,
      "wallTexture": "T3",
      "wallColor": "T2",
      "floorTexture": "T6",
      "floorColor": "T1",
      "chunks": [
        {
          "pos": [
            14,
            2,
            8
          ],
          "wallConfiguration": [
            {
              "face": "west",
              "config": {
                "type": "EXTERNAL",
                "wallConfiguration": [],
                "defaultPath": {
                  "type": "BLUEPRINT",
                  "reversed": false,
                  "buttonLocation": "NONE",
                  "pressurePlaceLocation": "NONE",
                  "keyMetas": []
                }
              }
            },
            {
              "face": "east",
              "config": {
                "type": "INTERNAL",
                "wallConfiguration": [],
                "defaultPath": {
                  "type": "BLUEPRINT",
                  "reversed": false,
                  "buttonLocation": "NONE",
                  "pressurePlaceLocation": "NONE",
                  "keyMetas": []
                }
              }
            },
            {
              "face": "south",
              "config": {
                "type": "INTERNAL",
                "wallConfiguration": [],
                "defaultPath": {
                  "type": "BLUEPRINT",
                  "reversed": false,
                  "buttonLocation": "NONE",
                  "pressurePlaceLocation": "NONE",
                  "keyMetas": []
                }
              }
            },
            {
              "face": "north",
              "config": {
                "type": "EXTERNAL",
                "wallConfiguration": [],
                "defaultPath": {
                  "type": "BLUEPRINT",
                  "reversed": false,
                  "buttonLocation": "NONE",
                  "pressurePlaceLocation": "NONE",
                  "keyMetas": []
                }
              }
            }
          ],
          "roomID": 2
        },
        {
          "pos": [
            15,
            2,
            8
          ],
          "wallConfiguration": [
            {
              "face": "west",
              "config": {
                "type": "INTERNAL",
                "wallConfiguration": [],
                "defaultPath": {
                  "type": "BLUEPRINT",
                  "reversed": false,
                  "buttonLocation": "NONE",
                  "pressurePlaceLocation": "NONE",
                  "keyMetas": []
                }
              }
            },
            {
              "face": "east",
              "config": {
                "type": "EXTERNAL",
                "wallConfiguration": [],
                "defaultPath": {
                  "type": "BLUEPRINT",
                  "reversed": false,
                  "buttonLocation": "NONE",
                  "pressurePlaceLocation": "NONE",
                  "keyMetas": []
                }
              }
            },
            {
              "face": "south",
              "config": {
                "type": "INTERNAL",
                "wallConfiguration": [],
                "defaultPath": {
                  "type": "BLUEPRINT",
                  "reversed": false,
                  "buttonLocation": "NONE",
                  "pressurePlaceLocation": "NONE",
                  "keyMetas": []
                }
              }
            },
            {
              "face": "north",
              "config": {
                "type": "EXTERNAL",
                "wallConfiguration": [],
                "defaultPath": {
                  "type": "BLUEPRINT",
                  "reversed": false,
                  "buttonLocation": "NONE",
                  "pressurePlaceLocation": "NONE",
                  "keyMetas": []
                }
              }
            }
          ],
          "roomID": 2
        },
        {
          "pos": [
            14,
            2,
            9
          ],
          "wallConfiguration": [
            {
              "face": "west",
              "config": {
                "type": "ROOM_ADJACENT",
                "wallConfiguration": [
                  {
                    "slot": 6,
                    "config": {
                      "type": "OPEN",
                      "reversed": false,
                      "buttonLocation": "NONE",
                      "pressurePlaceLocation": "NONE",
                      "keyMetas": []
                    }
                  }
                ],
                "defaultPath": {
                  "type": "BLUEPRINT",
                  "reversed": false,
                  "buttonLocation": "NONE",
                  "pressurePlaceLocation": "NONE",
                  "keyMetas": []
                }
              }
            },
            {
              "face": "east",
              "config": {
                "type": "INTERNAL",
                "wallConfiguration": [],
                "defaultPath": {
                  "type": "BLUEPRINT",
                  "reversed": false,
                  "buttonLocation": "NONE",
                  "pressurePlaceLocation": "NONE",
                  "keyMetas": []
                }
              }
            },
            {
              "face": "south",
              "config": {
                "type": "ROOM_ADJACENT",
                "wallConfiguration": [
                  {
                    "slot": 6,
                    "config": {
                      "type": "OPEN",
                      "reversed": false,
                      "buttonLocation": "NONE",
                      "pressurePlaceLocation": "NONE",
                      "keyMetas": []
                    }
                  }
                ],
                "defaultPath": {
                  "type": "BLUEPRINT",
                  "reversed": false,
                  "buttonLocation": "NONE",
                  "pressurePlaceLocation": "NONE",
                  "keyMetas": []
                }
              }
            },
            {
              "face": "north",
              "config": {
                "type": "INTERNAL",
                "wallConfiguration": [],
                "defaultPath": {
                  "type": "BLUEPRINT",
                  "reversed": false,
                  "buttonLocation": "NONE",
                  "pressurePlaceLocation": "NONE",
                  "keyMetas": []
                }
              }
            }
          ],
          "roomID": 2
        },
        {
          "pos": [
            15,
            2,
            9
          ],
          "wallConfiguration": [
            {
              "face": "west",
              "config": {
                "type": "INTERNAL",
                "wallConfiguration": [],
                "defaultPath": {
                  "type": "BLUEPRINT",
                  "reversed": false,
                  "buttonLocation": "NONE",
                  "pressurePlaceLocation": "NONE",
                  "keyMetas": []
                }
              }
            },
            {
              "face": "east",
              "config": {
                "type": "EXTERNAL",
                "wallConfiguration": [],
                "defaultPath": {
                  "type": "BLUEPRINT",
                  "reversed": false,
                  "buttonLocation": "NONE",
                  "pressurePlaceLocation": "NONE",
                  "keyMetas": []
                }
              }
            },
            {
              "face": "south",
              "config": {
                "type": "ROOM_ADJACENT",
                "wallConfiguration": [
                  {
                    "slot": 5,
                    "config": {
                      "type": "OPEN",
                      "reversed": false,
                      "buttonLocation": "NONE",
                      "pressurePlaceLocation": "NONE",
                      "keyMetas": []
                    }
                  }
                ],
                "defaultPath": {
                  "type": "BLUEPRINT",
                  "reversed": false,
                  "buttonLocation": "NONE",
                  "pressurePlaceLocation": "NONE",
                  "keyMetas": []
                }
              }
            },
            {
              "face": "north",
              "config": {
                "type": "INTERNAL",
                "wallConfiguration": [],
                "defaultPath": {
                  "type": "BLUEPRINT",
                  "reversed": false,
                  "buttonLocation": "NONE",
                  "pressurePlaceLocation": "NONE",
                  "keyMetas": []
                }
              }
            }
          ],
          "roomID": 2
        }
      ],
      "tagList": [
        "rm_2"
      ],
      "canPlayerSpawn": false,
      "doors": []
    },
    {
      "pos": [
        88,
        16,
        72
      ],
      "name": "Room_1",
      "color": -16711936,
      "type": "ROOM",
      "canProceed": false,
      "isDone": false,
      "completionTime": 0,
      "uuid": "1e6535cc-1dde-4ce5-93b8-1b5031318aa0",
      "pos2": [
        111,
        23,
        95
      ],
      "blockFloorMeta": 0,
      "blockFloorName": "polycraft:expblock",
      "blockWallMeta": 0,
      "blockWallName": "polycraft:expblock",
      "blockWallMetaTwo": 0,
      "blockCeilMeta": 0,
      "blockCeilName": "minecraft:air",
      "blockRefMeta": 0,
      "blockRefName": "minecraft:grass",
      "spawnRefBlocks": false,
      "recycleRefSeed": true,
      "isChunkBased": true,
      "refSeed": -1887248548,
      "refSpawnChance": 0.0,
      "intensity": 596,
      "useRandomMeta": false,
      "wallTexture": "T2",
      "wallColor": "T1",
      "floorTexture": "T7",
      "floorColor": "T2",
      "chunks": [
        {
          "pos": [
            11,
            2,
            9
          ],
          "wallConfiguration": [
            {
              "face": "west",
              "config": {
                "type": "EXTERNAL",
                "wallConfiguration": [],
                "defaultPath": {
                  "type": "BLUEPRINT",
                  "reversed": false,
                  "buttonLocation": "NONE",
                  "pressurePlaceLocation": "NONE",
                  "keyMetas": []
                }
              }
            },
            {
              "face": "east",
              "config": {
                "type": "INTERNAL",
                "wallConfiguration": [],
                "defaultPath": {
                  "type": "BLUEPRINT",
                  "reversed": false,
                  "buttonLocation": "NONE",
                  "pressurePlaceLocation": "NONE",
                  "keyMetas": []
                }
              }
            },
            {
              "face": "south",
              "config": {
                "type": "INTERNAL",
                "wallConfiguration": [],
                "defaultPath": {
                  "type": "BLUEPRINT",
                  "reversed": false,
                  "buttonLocation": "NONE",
                  "pressurePlaceLocation": "NONE",
                  "keyMetas": []
                }
              }
            },
            {
              "face": "north",
              "config": {
                "type": "EXTERNAL",
                "wallConfiguration": [],
                "defaultPath": {
                  "type": "BLUEPRINT",
                  "reversed": false,
                  "buttonLocation": "NONE",
                  "pressurePlaceLocation": "NONE",
                  "keyMetas": []
                }
              }
            }
          ],
          "roomID": 1
        },
        {
          "pos": [
            12,
            2,
            9
          ],
          "wallConfiguration": [
            {
              "face": "west",
              "config": {
                "type": "INTERNAL",
                "wallConfiguration": [],
                "defaultPath": {
                  "type": "BLUEPRINT",
                  "reversed": false,
                  "buttonLocation": "NONE",
                  "pressurePlaceLocation": "NONE",
                  "keyMetas": []
                }
              }
            },
            {
              "face": "east",
              "config": {
                "type": "INTERNAL",
                "wallConfiguration": [],
                "defaultPath": {
                  "type": "BLUEPRINT",
                  "reversed": false,
                  "buttonLocation": "NONE",
                  "pressurePlaceLocation": "NONE",
                  "keyMetas": []
                }
              }
            },
            {
              "face": "south",
              "config": {
                "type": "INTERNAL",
                "wallConfiguration": [],
                "defaultPath": {
                  "type": "BLUEPRINT",
                  "reversed": false,
                  "buttonLocation": "NONE",
                  "pressurePlaceLocation": "NONE",
                  "keyMetas": []
                }
              }
            },
            {
              "face": "north",
              "config": {
                "type": "EXTERNAL",
                "wallConfiguration": [],
                "defaultPath": {
                  "type": "BLUEPRINT",
                  "reversed": false,
                  "buttonLocation": "NONE",
                  "pressurePlaceLocation": "NONE",
                  "keyMetas": []
                }
              }
            }
          ],
          "roomID": 1
        },
        {
          "pos": [
            11,
            2,
            10
          ],
          "wallConfiguration": [
            {
              "face": "west",
              "config": {
                "type": "EXTERNAL",
                "wallConfiguration": [],
                "defaultPath": {
                  "type": "BLUEPRINT",
                  "reversed": false,
                  "buttonLocation": "NONE",
                  "pressurePlaceLocation": "NONE",
                  "keyMetas": []
                }
              }
            },
            {
              "face": "east",
              "config": {
                "type": "INTERNAL",
                "wallConfiguration": [],
                "defaultPath": {
                  "type": "BLUEPRINT",
                  "reversed": false,
                  "buttonLocation": "NONE",
                  "pressurePlaceLocation": "NONE",
                  "keyMetas": []
                }
              }
            },
            {
              "face": "south",
              "config": {
                "type": "INTERNAL",
                "wallConfiguration": [],
                "defaultPath": {
                  "type": "BLUEPRINT",
                  "reversed": false,
                  "buttonLocation": "NONE",
                  "pressurePlaceLocation": "NONE",
                  "keyMetas": []
                }
              }
            },
            {
              "face": "north",
              "config": {
                "type": "INTERNAL",
                "wallConfiguration": [],
                "defaultPath": {
                  "type": "BLUEPRINT",
                  "reversed": false,
                  "buttonLocation": "NONE",
                  "pressurePlaceLocation": "NONE",
                  "keyMetas": []
                }
              }
            }
          ],
          "roomID": 1
        },
        {
          "pos": [
            13,
            2,
            9
          ],
          "wallConfiguration": [
            {
              "face": "west",
              "config": {
                "type": "INTERNAL",
                "wallConfiguration": [],
                "defaultPath": {
                  "type": "BLUEPRINT",
                  "reversed": false,
                  "buttonLocation": "NONE",
                  "pressurePlaceLocation": "NONE",
                  "keyMetas": []
                }
              }
            },
            {
              "face": "east",
              "config": {
                "type": "ROOM_ADJACENT",
                "wallConfiguration": [
                  {
                    "slot": 6,
                    "config": {
                      "type": "OPEN",
                      "reversed": false,
                      "buttonLocation": "NONE",
                      "pressurePlaceLocation": "NONE",
                      "keyMetas": []
                    }
                  }
                ],
                "defaultPath": {
                  "type": "BLUEPRINT",
                  "reversed": false,
                  "buttonLocation": "NONE",
                  "pressurePlaceLocation": "NONE",
                  "keyMetas": []
                }
              }
            },
            {
              "face": "south",
              "config": {
                "type": "INTERNAL",
                "wallConfiguration": [],
                "defaultPath": {
                  "type": "BLUEPRINT",
                  "reversed": false,
                  "buttonLocation": "NONE",
                  "pressurePlaceLocation": "NONE",
                  "keyMetas": []
                }
              }
            },
            {
              "face": "north",
              "config": {
                "type": "EXTERNAL",
                "wallConfiguration": [],
                "defaultPath": {
                  "type": "BLUEPRINT",
                  "reversed": false,
                  "buttonLocation": "NONE",
                  "pressurePlaceLocation": "NONE",
                  "keyMetas": []
                }
              }
            }
          ],
          "roomID": 1
        },
        {
          "pos": [
            12,
            2,
            10
          ],
          "wallConfiguration": [
            {
              "face": "west",
              "config": {
                "type": "INTERNAL",
                "wallConfiguration": [],
                "defaultPath": {
                  "type": "BLUEPRINT",
                  "reversed": false,
                  "buttonLocation": "NONE",
                  "pressurePlaceLocation": "NONE",
                  "keyMetas": []
                }
              }
            },
            {
              "face": "east",
              "config": {
                "type": "INTERNAL",
                "wallConfiguration": [],
                "defaultPath": {
                  "type": "BLUEPRINT",
                  "reversed": false,
                  "buttonLocation": "NONE",
                  "pressurePlaceLocation": "NONE",
                  "keyMetas": []
                }
              }
            },
            {
              "face": "south",
              "config": {
                "type": "INTERNAL",
                "wallConfiguration": [],
                "defaultPath": {
                  "type": "BLUEPRINT",
                  "reversed": false,
                  "buttonLocation": "NONE",
                  "pressurePlaceLocation": "NONE",
                  "keyMetas": []
                }
              }
            },
            {
              "face": "north",
              "config": {
                "type": "INTERNAL",
                "wallConfiguration": [],
                "defaultPath": {
                  "type": "BLUEPRINT",
                  "reversed": false,
                  "buttonLocation": "NONE",
                  "pressurePlaceLocation": "NONE",
                  "keyMetas": []
                }
              }
            }
          ],
          "roomID": 1
        },
        {
          "pos": [
            11,
            2,
            11
          ],
          "wallConfiguration": [
            {
              "face": "west",
              "config": {
                "type": "ROOM_ADJACENT",
                "wallConfiguration": [
                  {
                    "slot": 5,
                    "config": {
                      "type": "OPEN",
                      "reversed": false,
                      "buttonLocation": "NONE",
                      "pressurePlaceLocation": "NONE",
                      "keyMetas": []
                    }
                  }
                ],
                "defaultPath": {
                  "type": "BLUEPRINT",
                  "reversed": false,
                  "buttonLocation": "NONE",
                  "pressurePlaceLocation": "NONE",
                  "keyMetas": []
                }
              }
            },
            {
              "face": "east",
              "config": {
                "type": "INTERNAL",
                "wallConfiguration": [],
                "defaultPath": {
                  "type": "BLUEPRINT",
                  "reversed": false,
                  "buttonLocation": "NONE",
                  "pressurePlaceLocation": "NONE",
                  "keyMetas": []
                }
              }
            },
            {
              "face": "south",
              "config": {
                "type": "EXTERNAL",
                "wallConfiguration": [],
                "defaultPath": {
                  "type": "BLUEPRINT",
                  "reversed": false,
                  "buttonLocation": "NONE",
                  "pressurePlaceLocation": "NONE",
                  "keyMetas": []
                }
              }
            },
            {
              "face": "north",
              "config": {
                "type": "INTERNAL",
                "wallConfiguration": [],
                "defaultPath": {
                  "type": "BLUEPRINT",
                  "reversed": false,
                  "buttonLocation": "NONE",
                  "pressurePlaceLocation": "NONE",
                  "keyMetas": []
                }
              }
            }
          ],
          "roomID": 1
        },
        {
          "pos": [
            13,
            2,
            10
          ],
          "wallConfiguration": [
            {
              "face": "west",
              "config": {
                "type": "INTERNAL",
                "wallConfiguration": [],
                "defaultPath": {
                  "type": "BLUEPRINT",
                  "reversed": false,
                  "buttonLocation": "NONE",
                  "pressurePlaceLocation": "NONE",
                  "keyMetas": []
                }
              }
            },
            {
              "face": "east",
              "config": {
                "type": "EXTERNAL",
                "wallConfiguration": [],
                "defaultPath": {
                  "type": "BLUEPRINT",
                  "reversed": false,
                  "buttonLocation": "NONE",
                  "pressurePlaceLocation": "NONE",
                  "keyMetas": []
                }
              }
            },
            {
              "face": "south",
              "config": {
                "type": "INTERNAL",
                "wallConfiguration": [],
                "defaultPath": {
                  "type": "BLUEPRINT",
                  "reversed": false,
                  "buttonLocation": "NONE",
                  "pressurePlaceLocation": "NONE",
                  "keyMetas": []
                }
              }
            },
            {
              "face": "north",
              "config": {
                "type": "INTERNAL",
                "wallConfiguration": [],
                "defaultPath": {
                  "type": "BLUEPRINT",
                  "reversed": false,
                  "buttonLocation": "NONE",
                  "pressurePlaceLocation": "NONE",
                  "keyMetas": []
                }
              }
            }
          ],
          "roomID": 1
        },
        {
          "pos": [
            12,
            2,
            11
          ],
          "wallConfiguration": [
            {
              "face": "west",
              "config": {
                "type": "INTERNAL",
                "wallConfiguration": [],
                "defaultPath": {
                  "type": "BLUEPRINT",
                  "reversed": false,
                  "buttonLocation": "NONE",
                  "pressurePlaceLocation": "NONE",
                  "keyMetas": []
                }
              }
            },
            {
              "face": "east",
              "config": {
                "type": "INTERNAL",
                "wallConfiguration": [],
                "defaultPath": {
                  "type": "BLUEPRINT",
                  "reversed": false,
                  "buttonLocation": "NONE",
                  "pressurePlaceLocation": "NONE",
                  "keyMetas": []
                }
              }
            },
            {
              "face": "south",
              "config": {
                "type": "EXTERNAL",
                "wallConfiguration": [],
                "defaultPath": {
                  "type": "BLUEPRINT",
                  "reversed": false,
                  "buttonLocation": "NONE",
                  "pressurePlaceLocation": "NONE",
                  "keyMetas": []
                }
              }
            },
            {
              "face": "north",
              "config": {
                "type": "INTERNAL",
                "wallConfiguration": [],
                "defaultPath": {
                  "type": "BLUEPRINT",
                  "reversed": false,
                  "buttonLocation": "NONE",
                  "pressurePlaceLocation": "NONE",
                  "keyMetas": []
                }
              }
            }
          ],
          "roomID": 1
        },
        {
          "pos": [
            13,
            2,
            11
          ],
          "wallConfiguration": [
            {
              "face": "west",
              "config": {
                "type": "INTERNAL",
                "wallConfiguration": [],
                "defaultPath": {
                  "type": "BLUEPRINT",
                  "reversed": false,
                  "buttonLocation": "NONE",
                  "pressurePlaceLocation": "NONE",
                  "keyMetas": []
                }
              }
            },
            {
              "face": "east",
              "config": {
                "type": "EXTERNAL",
                "wallConfiguration": [],
                "defaultPath": {
                  "type": "BLUEPRINT",
                  "reversed": false,
                  "buttonLocation": "NONE",
                  "pressurePlaceLocation": "NONE",
                  "keyMetas": []
                }
              }
            },
            {
              "face": "south",
              "config": {
                "type": "EXTERNAL",
                "wallConfiguration": [],
                "defaultPath": {
                  "type": "BLUEPRINT",
                  "reversed": false,
                  "buttonLocation": "NONE",
                  "pressurePlaceLocation": "NONE",
                  "keyMetas": []
                }
              }
            },
            {
              "face": "north",
              "config": {
                "type": "INTERNAL",
                "wallConfiguration": [],
                "defaultPath": {
                  "type": "BLUEPRINT",
                  "reversed": false,
                  "buttonLocation": "NONE",
                  "pressurePlaceLocation": "NONE",
                  "keyMetas": []
                }
              }
            }
          ],
          "roomID": 1
        }
      ],
      "tagList": [
        "rm_1"
      ],
      "canPlayerSpawn": true,
      "doors": []
    },
    {
      "pos": [
        80,
        16,
        88
      ],
      "name": "Room_0",
      "color": -16711936,
      "type": "ROOM",
      "canProceed": false,
      "isDone": false,
      "completionTime": 0,
      "uuid": "fb820b4c-ea04-46db-b3ae-47547b11b6ce",
      "pos2": [
        87,
        23,
        95
      ],
      "blockFloorMeta": 0,
      "blockFloorName": "polycraft:expblock",
      "blockWallMeta": 0,
      "blockWallName": "polycraft:expblock",
      "blockWallMetaTwo": 0,
      "blockCeilMeta": 0,
      "blockCeilName": "minecraft:air",
      "blockRefMeta": 0,
      "blockRefName": "minecraft:grass",
      "spawnRefBlocks": false,
      "recycleRefSeed": true,
      "isChunkBased": true,
      "refSeed": -590000410,
      "refSpawnChance": 0.0,
      "intensity": 596,
      "useRandomMeta": false,
      "wallTexture": "T0",
      "wallColor": "T1",
      "floorTexture": "T5",
      "floorColor": "T3",
      "chunks": [
        {
          "pos": [
            10,
            2,
            11
          ],
          "wallConfiguration": [
            {
              "face": "west",
              "config": {
                "type": "EXTERNAL",
                "wallConfiguration": [],
                "defaultPath": {
                  "type": "BLUEPRINT",
                  "reversed": false,
                  "buttonLocation": "NONE",
                  "pressurePlaceLocation": "NONE",
                  "keyMetas": []
                }
              }
            },
            {
              "face": "east",
              "config": {
                "type": "ROOM_ADJACENT",
                "wallConfiguration": [
                  {
                    "slot": 5,
                    "config": {
                      "type": "OPEN",
                      "reversed": false,
                      "buttonLocation": "NONE",
                      "pressurePlaceLocation": "NONE",
                      "keyMetas": []
                    }
                  }
                ],
                "defaultPath": {
                  "type": "BLUEPRINT",
                  "reversed": false,
                  "buttonLocation": "NONE",
                  "pressurePlaceLocation": "NONE",
                  "keyMetas": []
                }
              }
            },
            {
              "face": "south",
              "config": {
                "type": "EXTERNAL",
                "wallConfiguration": [],
                "defaultPath": {
                  "type": "BLUEPRINT",
                  "reversed": false,
                  "buttonLocation": "NONE",
                  "pressurePlaceLocation": "NONE",
                  "keyMetas": []
                }
              }
            },
            {
              "face": "north",
              "config": {
                "type": "EXTERNAL",
                "wallConfiguration": [],
                "defaultPath": {
                  "type": "BLUEPRINT",
                  "reversed": false,
                  "buttonLocation": "NONE",
                  "pressurePlaceLocation": "NONE",
                  "keyMetas": []
                }
              }
            }
          ],
          "roomID": 0
        }
      ],
      "tagList": [
        "rm_0"
      ],
      "canPlayerSpawn": false,
      "doors": []
    },
    {
      "pos": [
        0,
        0,
        0
      ],
      "name": "SeedSpawn_1",
      "color": -256,
      "type": "SEED_SPAWN",
      "canProceed": false,
      "isDone": false,
      "completionTime": 0,
      "uuid": "44c5abbc-98e4-4858-8209-474583c3f056",
      "stepCount": 0
    },
    {
      "pos": [
        80,
        17,
        64
      ],
      "name": "map",
      "color": -256,
      "type": "DATA",
      "canProceed": true,
      "isDone": false,
      "completionTime": 0,
      "uuid": "3b0fe8ec-9874-4bd7-9422-f61f577328fc",
      "pos2": [
        151,
        18,
        95
      ],
      "data": " "
    },
    {
      "pos": [
        5,
        4,
        3
      ],
      "name": "Shader 12",
      "color": -16711936,
      "type": "SHADER",
      "canProceed": false,
      "isDone": false,
      "completionTime": 0,
      "uuid": "4ff16194-9889-43a6-8e40-9fa6e687f157",
      "shaderType": "NONE",
      "intensity": 0,
      "seed": 0,
      "boxStart": 0,
      "boxEnd": 0,
      "macguffinColor": -15579597
    },
    {
      "pos": [
        7,
        4,
        26
      ],
      "name": "dest",
      "color": -256,
      "type": "DATA",
      "canProceed": true,
      "isDone": false,
      "completionTime": 0,
      "uuid": "2c4be521-085f-4b95-b42a-1fe8b01e57bd",
      "pos2": [
        7,
        4,
        26
      ],
      "data": " "
    },
    {
      "pos": [
        1,
        4,
        17
      ],
      "name": "room sw",
      "color": -256,
      "type": "DATA",
      "canProceed": true,
      "isDone": false,
      "completionTime": 0,
      "uuid": "4c8eda00-82c5-4cdf-8116-b7e51380fecd",
      "pos2": [
        14,
        4,
        30
      ],
      "data": " "
    },
    {
      "pos": [
        1,
        4,
        1
      ],
      "name": "room 1",
      "color": -256,
      "type": "DATA",
      "canProceed": true,
      "isDone": false,
      "completionTime": 0,
      "uuid": "0ee2866d-5a0f-4ee8-b2cf-df8161c82f2c",
      "pos2": [
        14,
        4,
        14
      ],
      "data": " "
    },
    {
      "pos": [
        17,
        4,
        1
      ],
      "name": "room 2",
      "color": -256,
      "type": "DATA",
      "canProceed": true,
      "isDone": false,
      "completionTime": 0,
      "uuid": "c1b746ac-da67-4bdf-9a0b-537255a58307",
      "pos2": [
        30,
        4,
        14
      ],
      "data": " "
    },
    {
      "pos": [
        17,
        4,
        17
      ],
      "name": "room 3",
      "color": -256,
      "type": "DATA",
      "canProceed": true,
      "isDone": false,
      "completionTime": 0,
      "uuid": "6edf9eb4-87b7-478f-99b2-cc56bfcabbb9",
      "pos2": [
        30,
        4,
        30
      ],
      "data": " "
    },
    {
      "pos": [
        17,
        4,
        1
      ],
      "name": "World Builder 8",
      "color": -16711936,
      "type": "WORLDGEN",
      "canProceed": false,
      "isDone": false,
      "completionTime": 0,
      "uuid": "fdbf813a-3969-4f6d-8162-2640d615fccc",
      "pos2": [
        30,
        4,
        14
      ],
      "count": 30,
      "genType": "BLOCK_LIST",
      "blockList": [
        {
          "blockPos": [
            116,
            17,
            67
          ],
          "blockDef": {
            "blockName": "polycraft:macguffin",
            "blockMeta": 0
          }
        }
      ],
      "chestList": [
        {
          "blockPos": [
            120,
            17,
            92
          ],
          "chestDef": {
            "meta": 0,
            "containerType": "CHEST"
          }
        },
        {
          "blockPos": [
            98,
            17,
            81
          ],
          "chestDef": {
            "itemList": [
              {
                "slot": 0,
                "itemDef": {
                  "itemName": "polycraft:key",
                  "itemMeta": 2,
                  "count": 1
                }
              }
            ],
            "meta": 0,
            "containerType": "CHEST"
          }
        },
        {
          "blockPos": [
            126,
            17,
            88
          ],
          "chestDef": {
            "meta": 0,
            "containerType": "CHEST"
          }
        },
        {
          "blockPos": [
            98,
            17,
            88
          ],
          "chestDef": {
            "meta": 0,
            "containerType": "CHEST"
          }
        },
        {
          "blockPos": [
            127,
            17,
            90
          ],
          "chestDef": {
            "meta": 0,
            "containerType": "CHEST"
          }
        },
        {
          "blockPos": [
            97,
            17,
            91
          ],
          "chestDef": {
            "itemList": [
              {
                "slot": 0,
                "itemDef": {
                  "itemName": "polycraft:key",
                  "itemMeta": 4,
                  "count": 1
                }
              }
            ],
            "meta": 0,
            "containerType": "CHEST"
          }
        },
        {
          "blockPos": [
            98,
            17,
            92
          ],
          "chestDef": {
            "meta": 0,
            "containerType": "CHEST"
          }
        },
        {
          "blockPos": [
            118,
            17,
            71
          ],
          "chestDef": {
            "meta": 0,
            "containerType": "CHEST"
          }
        },
        {
          "blockPos": [
            106,
            17,
            86
          ],
          "chestDef": {
            "meta": 0,
            "containerType": "CHEST"
          }
        },
        {
          "blockPos": [
            105,
            17,
            90
          ],
          "chestDef": {
            "itemList": [
              {
                "slot": 0,
                "itemDef": {
                  "itemName": "polycraft:key",
                  "itemMeta": 1,
                  "count": 1
                }
              }
            ],
            "meta": 0,
            "containerType": "CHEST"
          }
        },
        {
          "blockPos": [
            122,
            17,
            75
          ],
          "chestDef": {
            "meta": 0,
            "containerType": "CHEST"
          }
        },
        {
          "blockPos": [
            82,
            17,
            90
          ],
          "chestDef": {
            "meta": 0,
            "containerType": "CHEST"
          }
        },
        {
          "blockPos": [
            83,
            17,
            92
          ],
          "chestDef": {
            "meta": 0,
            "containerType": "CHEST"
          }
        },
        {
          "blockPos": [
            94,
            17,
            81
          ],
          "chestDef": {
            "meta": 0,
            "containerType": "CHEST"
          }
        }
      ]
    },
    {
      "pos": [
        3,
        4,
        6
      ],
      "name": "Add Items 6",
      "color": -256,
      "type": "ADD_ITEMS",
      "canProceed": false,
      "isDone": false,
      "completionTime": 0,
      "uuid": "b6ae0b79-e683-4c8a-b33c-39659562c617"
    },
    {
      "pos": [
        140,
        17,
        76
      ],
      "name": "End Condition",
      "color": -256,
      "type": "END",
      "canProceed": true,
      "isDone": false,
      "completionTime": 0,
      "uuid": "db3e5cd8-6749-11ea-bc55-0242ac130003",
      "endCondition": "BLOCK_TO_LOCATION",
      "itemToAcquire": "",
      "blockToPlace": "polycraft:macguffin",
      "locationToReach": [
        140,
        17,
        76
      ],
      "endTime": 0.0,
      "endStepCost": 0.0,
      "isFinished": false,
      "blockName": "minecraft:lapis_block",
      "blockMeta": 0
    },
    {
      "pos": [
        15,
        1,
        15
      ],
      "name": "Guide 4",
      "color": -256,
      "type": "GUIDE",
      "canProceed": false,
      "isDone": false,
      "completionTime": 0,
      "uuid": "5d9adf72-ef99-4954-b0c3-fd52687b0d0b",
      "pos2": [
        15,
        1,
        15
      ]
    }
  ],
  "options": {
    "pos": [
      0,
      0,
      0
    ],
    "pos2": [
      31,
      9,
      31
    ],
    "name": "",
    "numTeams": 1,
    "teamSize": 1,
    "seed": -1496464379,
    "hideGui": false,
    "outputScreen": false,
    "distribution": "Uninformed"
  },
  "novelty_config": {
    "seed": 0,
    "templatePath": "../Novelty/input/hgv1_1.json",
    "novelties": [
      {
        "blockName": "polycraft:expblock",
        "blockMeta": 0,
        "type": "RoomGenTransform",
        "roomGenOrder": [
          0,
          1,
          2,
          3,
          4
        ],
        "roomGenOrderR": [
          1,
          1,
          1,
          1,
          1
        ],
        "linearRooms": true,
        "roomGenTransformType": "UPDATE_ROOMS",
        "roomTypes": [
          {
            "xMin": 1,
            "xMax": 1,
            "yMin": 1,
            "yMax": 1,
            "zMin": 1,
            "zMax": 1,
            "blockFloorName": "polycraft:expblock",
            "blockCeilName": "minecraft:air",
            "blockWallName": "polycraft:expblock",
            "blockRefName": "minecraft:grass",
            "canPlayerSpawn": false,
            "tagList": [
              "rm_0"
            ]
          },
          {
            "xMin": 2,
            "xMax": 3,
            "yMin": 1,
            "yMax": 1,
            "zMin": 2,
            "zMax": 3,
            "blockFloorName": "polycraft:expblock",
            "blockCeilName": "minecraft:air",
            "blockWallName": "polycraft:expblock",
            "blockRefName": "minecraft:grass",
            "canPlayerSpawn": true,
            "tagList": [
              "rm_1"
            ]
          },
          {
            "xMin": 2,
            "xMax": 3,
            "yMin": 1,
            "yMax": 1,
            "zMin": 2,
            "zMax": 3,
            "blockFloorName": "polycraft:expblock",
            "blockCeilName": "minecraft:air",
            "blockWallName": "polycraft:expblock",
            "blockRefName": "minecraft:grass",
            "canPlayerSpawn": false,
            "tagList": [
              "rm_2"
            ]
          },
          {
            "xMin": 2,
            "xMax": 3,
            "yMin": 1,
            "yMax": 1,
            "zMin": 2,
            "zMax": 3,
            "blockFloorName": "polycraft:expblock",
            "blockCeilName": "minecraft:air",
            "blockWallName": "polycraft:expblock",
            "blockRefName": "minecraft:grass",
            "canPlayerSpawn": false,
            "tagList": [
              "rm_3"
            ]
          },
          {
            "xMin": 2,
            "xMax": 3,
            "yMin": 1,
            "yMax": 1,
            "zMin": 2,
            "zMax": 3,
            "blockFloorName": "polycraft:expblock",
            "blockCeilName": "minecraft:air",
            "blockWallName": "polycraft:expblock",
            "blockRefName": "minecraft:grass",
            "canPlayerSpawn": false,
            "tagList": [
              "rm_4",
              "locked_door"
            ]
          }
        ]
      },
      {
        "type": "RoomWallTransform",
        "keyMetas": [
          1,
          2,
          4
        ],
        "maxDoors": 4,
        "transformType": "ADD_PATHS"
      },
      {
        "blockName": "minecraft:chest",
        "type": "WorldGenTransform",
        "transformType": "BLOCK_LOCATION",
        "countOffset": 2,
        "tagList": [
          "rm_0"
        ]
      },
      {
        "blockName": "minecraft:chest",
        "type": "WorldGenTransform",
        "transformType": "BLOCK_LOCATION",
        "overrideCount": true,
        "countMin": 10,
        "countMax": 15,
        "itemList": [
          {
            "itemName": "polycraft:key",
            "itemMeta": 1,
            "count": 1
          },
          {
            "itemName": "polycraft:key",
            "itemMeta": 2,
            "count": 1
          },
          {
            "itemName": "polycraft:key",
            "itemMeta": 4,
            "count": 1
          }
        ],
        "tagList": [
          "rm_1",
          "rm_2",
          "rm_3"
        ]
      },
      {
        "blockName": "polycraft:macguffin",
        "type": "WorldGenTransform",
        "transformType": "BLOCK_LOCATION",
        "tagList": [
          "rm_2"
        ]
      },
      {
        "blockName": "minecraft:lapis_block",
        "type": "TargetDestTransform",
        "transformType": "BLOCK_LOCATION",
        "tagList": [
          "rm_4"
        ]
      },
      {
        "type": "AddActorTransform",
        "transformType": "DOG",
        "tagList": [
          "rm_1"
        ]
      },
      {
        "type": "AddActorTransform",
        "transformType": "PATROL",
        "tagList": [
          "rm_1",
          "gray",
          "increase"
        ]
      },
      {
        "type": "AddActorTransform",
        "transformType": "PATROL",
        "tagList": [
          "rm_2",
          "red",
          "gray",
          "increase",
          "redToGray"
        ]
      },
      {
        "type": "AddActorTransform",
        "transformType": "PATROL",
        "tagList": [
          "rm_3",
          "red",
          "gray",
          "increase",
          "redToGray"
        ]
      },
      {
        "type": "AddActorTransform",
        "transformType": "PATROL",
        "tagList": [
          "rm_4",
          "red",
          "gray",
          "increase",
          "redToGray"
        ]
      }
    ],
    "seedOverride": -1496464379,
    "generatedTimeStamp": "2022-01-18 11:37:30.367"
  }
}