{
  "features": [
    {
      "pos": [
        92,
        17,
        91
      ],
      "name": "Start 0",
      "color": -16711681,
      "type": "START",
      "canProceed": false,
      "isDone": false,
      "completionTime": 0,
      "uuid": "960698f3-279a-4285-be39-06f4ed147820",
      "pos2": [
        3,
        4,
        6
      ],
      "lookDir": [
        0,
        270,
        0
      ],
      "dim": 0,
      "spawnedInServer": false,
      "spawnedInClient": false,
      "spawnRand": false
    },
    {
      "pos": [
        90,
        17,
        138
      ],
      "name": "Patrol_Red",
      "color": -65281,
      "type": "ENTITY_PATROL",
      "canProceed": false,
      "isDone": false,
      "completionTime": 0,
      "uuid": "ec5f2784-59d3-40d1-9bef-b9be591e2979",
      "entityColor": "BLACK",
      "addArmor": false,
      "patrolType": "RED",
      "canThrow": false,
      "throwDistance": 1,
      "persuePlayer": false,
      "persueChance": 0,
      "throwRand": false,
      "teleportChance": 0,
      "expiditeActChance": 0,
      "delayActChance": 0,
      "trapDistance": 0,
      "captureDistance": 2.5
    },
    {
      "pos": [
        106,
        17,
        146
      ],
      "name": "Patrol_Gray",
      "color": -65281,
      "type": "ENTITY_PATROL",
      "canProceed": false,
      "isDone": false,
      "completionTime": 0,
      "uuid": "cee5ad1c-bf37-4140-a0c8-4842f9bceb75",
      "entityColor": "BLACK",
      "addArmor": false,
      "patrolType": "GRAY",
      "canThrow": false,
      "throwDistance": 1,
      "persuePlayer": false,
      "persueChance": 0,
      "throwRand": false,
      "teleportChance": 0,
      "expiditeActChance": 0,
      "delayActChance": 0,
      "trapDistance": 0,
      "captureDistance": 2.5
    },
    {
      "pos": [
        92,
        17,
        148
      ],
      "name": "Patrol_Red",
      "color": -65281,
      "type": "ENTITY_PATROL",
      "canProceed": false,
      "isDone": false,
      "completionTime": 0,
      "uuid": "edbc6453-c7ac-4eff-b3fc-2416b59366fa",
      "entityColor": "BLACK",
      "addArmor": false,
      "patrolType": "RED",
      "canThrow": false,
      "throwDistance": 1,
      "persuePlayer": false,
      "persueChance": 0,
      "throwRand": false,
      "teleportChance": 0,
      "expiditeActChance": 0,
      "delayActChance": 0,
      "trapDistance": 0,
      "captureDistance": 2.5
    },
    {
      "pos": [
        93,
        17,
        147
      ],
      "name": "Patrol_Red",
      "color": -65281,
      "type": "ENTITY_PATROL",
      "canProceed": false,
      "isDone": false,
      "completionTime": 0,
      "uuid": "4540d238-64eb-45a4-83fb-d6ca58017429",
      "entityColor": "BLACK",
      "addArmor": false,
      "patrolType": "RED",
      "canThrow": false,
      "throwDistance": 1,
      "persuePlayer": false,
      "persueChance": 0,
      "throwRand": false,
      "teleportChance": 0,
      "expiditeActChance": 0,
      "delayActChance": 0,
      "trapDistance": 0,
      "captureDistance": 2.5
    },
    {
      "pos": [
        93,
        17,
        141
      ],
      "name": "Patrol_Gray",
      "color": -65281,
      "type": "ENTITY_PATROL",
      "canProceed": false,
      "isDone": false,
      "completionTime": 0,
      "uuid": "f70d51d6-35bf-4c92-a68e-0bccfa5ebb2e",
      "entityColor": "BLACK",
      "addArmor": false,
      "patrolType": "GRAY",
      "canThrow": false,
      "throwDistance": 1,
      "persuePlayer": false,
      "persueChance": 0,
      "throwRand": false,
      "teleportChance": 0,
      "expiditeActChance": 0,
      "delayActChance": 0,
      "trapDistance": 0,
      "captureDistance": 2.5
    },
    {
      "pos": [
        104,
        17,
        141
      ],
      "name": "Patrol_Red",
      "color": -65281,
      "type": "ENTITY_PATROL",
      "canProceed": false,
      "isDone": false,
      "completionTime": 0,
      "uuid": "c7088b8d-85ee-41f1-8b49-b276a5974690",
      "entityColor": "BLACK",
      "addArmor": false,
      "patrolType": "RED",
      "canThrow": false,
      "throwDistance": 1,
      "persuePlayer": false,
      "persueChance": 0,
      "throwRand": false,
      "teleportChance": 0,
      "expiditeActChance": 0,
      "delayActChance": 0,
      "trapDistance": 0,
      "captureDistance": 2.5
    },
    {
      "pos": [
        92,
        17,
        126
      ],
      "name": "Patrol_Gray",
      "color": -65281,
      "type": "ENTITY_PATROL",
      "canProceed": false,
      "isDone": false,
      "completionTime": 0,
      "uuid": "a18f83d5-67d0-46ad-bf90-881cea7e6c9b",
      "entityColor": "BLACK",
      "addArmor": false,
      "patrolType": "GRAY",
      "canThrow": false,
      "throwDistance": 1,
      "persuePlayer": false,
      "persueChance": 0,
      "throwRand": false,
      "teleportChance": 0,
      "expiditeActChance": 0,
      "delayActChance": 0,
      "trapDistance": 0,
      "captureDistance": 2.5
    },
    {
      "pos": [
        89,
        17,
        132
      ],
      "name": "Patrol_Gray",
      "color": -65281,
      "type": "ENTITY_PATROL",
      "canProceed": false,
      "isDone": false,
      "completionTime": 0,
      "uuid": "bae5270b-f8ad-43b0-bec9-5ca782ebe21d",
      "entityColor": "BLACK",
      "addArmor": false,
      "patrolType": "GRAY",
      "canThrow": false,
      "throwDistance": 1,
      "persuePlayer": false,
      "persueChance": 0,
      "throwRand": false,
      "teleportChance": 0,
      "expiditeActChance": 0,
      "delayActChance": 0,
      "trapDistance": 0,
      "captureDistance": 2.5
    },
    {
      "pos": [
        84,
        17,
        125
      ],
      "name": "Patrol_Red",
      "color": -65281,
      "type": "ENTITY_PATROL",
      "canProceed": false,
      "isDone": false,
      "completionTime": 0,
      "uuid": "4fc38cab-8eeb-40a9-823a-e398aab8cf4d",
      "entityColor": "BLACK",
      "addArmor": false,
      "patrolType": "RED",
      "canThrow": false,
      "throwDistance": 1,
      "persuePlayer": false,
      "persueChance": 0,
      "throwRand": false,
      "teleportChance": 0,
      "expiditeActChance": 0,
      "delayActChance": 0,
      "trapDistance": 0,
      "captureDistance": 2.5
    },
    {
      "pos": [
        86,
        17,
        124
      ],
      "name": "Patrol_Red",
      "color": -65281,
      "type": "ENTITY_PATROL",
      "canProceed": false,
      "isDone": false,
      "completionTime": 0,
      "uuid": "ef6a2a74-7477-47f9-8d43-a71d557b1743",
      "entityColor": "BLACK",
      "addArmor": false,
      "patrolType": "RED",
      "canThrow": false,
      "throwDistance": 1,
      "persuePlayer": false,
      "persueChance": 0,
      "throwRand": false,
      "teleportChance": 0,
      "expiditeActChance": 0,
      "delayActChance": 0,
      "trapDistance": 0,
      "captureDistance": 2.5
    },
    {
      "pos": [
        91,
        17,
        128
      ],
      "name": "Patrol_Red",
      "color": -65281,
      "type": "ENTITY_PATROL",
      "canProceed": false,
      "isDone": false,
      "completionTime": 0,
      "uuid": "b493bade-3bee-4f4c-ba24-b6b8be72a33a",
      "entityColor": "BLACK",
      "addArmor": false,
      "patrolType": "RED",
      "canThrow": false,
      "throwDistance": 1,
      "persuePlayer": false,
      "persueChance": 0,
      "throwRand": false,
      "teleportChance": 0,
      "expiditeActChance": 0,
      "delayActChance": 0,
      "trapDistance": 0,
      "captureDistance": 2.5
    },
    {
      "pos": [
        91,
        17,
        113
      ],
      "name": "Patrol_Blue",
      "color": -65281,
      "type": "ENTITY_PATROL",
      "canProceed": false,
      "isDone": false,
      "completionTime": 0,
      "uuid": "52d004ed-24b3-47b9-85e0-b4d45135b97f",
      "entityColor": "BLACK",
      "addArmor": false,
      "patrolType": "BLUE",
      "canThrow": false,
      "throwDistance": 1,
      "persuePlayer": false,
      "persueChance": 0,
      "throwRand": false,
      "teleportChance": 0,
      "expiditeActChance": 0,
      "delayActChance": 0,
      "trapDistance": 0,
      "captureDistance": 2.5
    },
    {
      "pos": [
        74,
        17,
        109
      ],
      "name": "Patrol_Red",
      "color": -65281,
      "type": "ENTITY_PATROL",
      "canProceed": false,
      "isDone": false,
      "completionTime": 0,
      "uuid": "0ad31297-b62e-4887-8628-278952fa7c20",
      "entityColor": "BLACK",
      "addArmor": false,
      "patrolType": "RED",
      "canThrow": false,
      "throwDistance": 1,
      "persuePlayer": false,
      "persueChance": 0,
      "throwRand": false,
      "teleportChance": 0,
      "expiditeActChance": 0,
      "delayActChance": 0,
      "trapDistance": 0,
      "captureDistance": 2.5
    },
    {
      "pos": [
        78,
        17,
        108
      ],
      "name": "Patrol_Blue",
      "color": -65281,
      "type": "ENTITY_PATROL",
      "canProceed": false,
      "isDone": false,
      "completionTime": 0,
      "uuid": "ac0665b2-0ef9-4099-ab7e-9ba14e094ef3",
      "entityColor": "BLACK",
      "addArmor": false,
      "patrolType": "BLUE",
      "canThrow": false,
      "throwDistance": 1,
      "persuePlayer": false,
      "persueChance": 0,
      "throwRand": false,
      "teleportChance": 0,
      "expiditeActChance": 0,
      "delayActChance": 0,
      "trapDistance": 0,
      "captureDistance": 2.5
    },
    {
      "pos": [
        89,
        17,
        106
      ],
      "name": "Patrol_Gray",
      "color": -65281,
      "type": "ENTITY_PATROL",
      "canProceed": false,
      "isDone": false,
      "completionTime": 0,
      "uuid": "3e703300-d448-4c93-903e-99d75dc0aedd",
      "entityColor": "BLACK",
      "addArmor": false,
      "patrolType": "GRAY",
      "canThrow": false,
      "throwDistance": 1,
      "persuePlayer": false,
      "persueChance": 0,
      "throwRand": false,
      "teleportChance": 0,
      "expiditeActChance": 0,
      "delayActChance": 0,
      "trapDistance": 0,
      "captureDistance": 2.5
    },
    {
      "pos": [
        91,
        17,
        115
      ],
      "name": "Patrol_Blue",
      "color": -65281,
      "type": "ENTITY_PATROL",
      "canProceed": false,
      "isDone": false,
      "completionTime": 0,
      "uuid": "74cf2903-ba5d-41df-8d16-2d6afed43b0b",
      "entityColor": "BLACK",
      "addArmor": false,
      "patrolType": "BLUE",
      "canThrow": false,
      "throwDistance": 1,
      "persuePlayer": false,
      "persueChance": 0,
      "throwRand": false,
      "teleportChance": 0,
      "expiditeActChance": 0,
      "delayActChance": 0,
      "trapDistance": 0,
      "captureDistance": 2.5
    },
    {
      "pos": [
        86,
        17,
        91
      ],
      "name": "Patrol_Gray",
      "color": -65281,
      "type": "ENTITY_PATROL",
      "canProceed": false,
      "isDone": false,
      "completionTime": 0,
      "uuid": "16d66e1c-9d2c-4ad5-bd6e-3d9b239c1588",
      "entityColor": "BLACK",
      "addArmor": false,
      "patrolType": "GRAY",
      "canThrow": false,
      "throwDistance": 1,
      "persuePlayer": false,
      "persueChance": 0,
      "throwRand": false,
      "teleportChance": 0,
      "expiditeActChance": 0,
      "delayActChance": 0,
      "trapDistance": 0,
      "captureDistance": 2.5
    },
    {
      "pos": [
        89,
        17,
        100
      ],
      "name": "Patrol_Gray",
      "color": -65281,
      "type": "ENTITY_PATROL",
      "canProceed": false,
      "isDone": false,
      "completionTime": 0,
      "uuid": "f78ae314-5068-400b-9dd9-aa04a6714bf0",
      "entityColor": "BLACK",
      "addArmor": false,
      "patrolType": "GRAY",
      "canThrow": false,
      "throwDistance": 1,
      "persuePlayer": false,
      "persueChance": 0,
      "throwRand": false,
      "teleportChance": 0,
      "expiditeActChance": 0,
      "delayActChance": 0,
      "trapDistance": 0,
      "captureDistance": 2.5
    },
    {
      "pos": [
        86,
        17,
        96
      ],
      "name": "Patrol_Blue",
      "color": -65281,
      "type": "ENTITY_PATROL",
      "canProceed": false,
      "isDone": false,
      "completionTime": 0,
      "uuid": "115f0417-e825-432d-9731-747ee3fcbac4",
      "entityColor": "BLACK",
      "addArmor": false,
      "patrolType": "BLUE",
      "canThrow": false,
      "throwDistance": 1,
      "persuePlayer": false,
      "persueChance": 0,
      "throwRand": false,
      "teleportChance": 0,
      "expiditeActChance": 0,
      "delayActChance": 0,
      "trapDistance": 0,
      "captureDistance": 2.5
    },
    {
      "pos": [
        83,
        17,
        92
      ],
      "name": "Patrol_Blue",
      "color": -65281,
      "type": "ENTITY_PATROL",
      "canProceed": false,
      "isDone": false,
      "completionTime": 0,
      "uuid": "29c88f5a-4115-4f1f-845d-24508808be61",
      "entityColor": "BLACK",
      "addArmor": false,
      "patrolType": "BLUE",
      "canThrow": false,
      "throwDistance": 1,
      "persuePlayer": false,
      "persueChance": 0,
      "throwRand": false,
      "teleportChance": 0,
      "expiditeActChance": 0,
      "delayActChance": 0,
      "trapDistance": 0,
      "captureDistance": 2.5
    },
    {
      "pos": [
        89,
        17,
        98
      ],
      "name": "Patrol_Blue",
      "color": -65281,
      "type": "ENTITY_PATROL",
      "canProceed": false,
      "isDone": false,
      "completionTime": 0,
      "uuid": "f9a3943e-6a7c-464f-b8af-75ca5aa2be0f",
      "entityColor": "BLACK",
      "addArmor": false,
      "patrolType": "BLUE",
      "canThrow": false,
      "throwDistance": 1,
      "persuePlayer": false,
      "persueChance": 0,
      "throwRand": false,
      "teleportChance": 0,
      "expiditeActChance": 0,
      "delayActChance": 0,
      "trapDistance": 0,
      "captureDistance": 2.5
    },
    {
      "pos": [
        87,
        17,
        95
      ],
      "name": "dog",
      "color": -65281,
      "type": "ENTITY_DOG",
      "canProceed": false,
      "isDone": false,
      "completionTime": 0,
      "uuid": "d16e3f57-2034-484d-8de0-b5c3c61f923d",
      "entityColor": "BLACK",
      "addArmor": false
    },
    {
      "pos": [
        88,
        16,
        136
      ],
      "name": "Room_4",
      "color": -16711936,
      "type": "ROOM",
      "canProceed": false,
      "isDone": false,
      "completionTime": 0,
      "uuid": "8e3785bd-10d7-4713-963e-d8f2f62919da",
      "pos2": [
        111,
        23,
        151
      ],
      "blockFloorMeta": 0,
      "blockFloorName": "polycraft:expblock",
      "blockWallMeta": 0,
      "blockWallName": "polycraft:expblock",
      "blockWallMetaTwo": 0,
      "blockCeilMeta": 0,
      "blockCeilName": "minecraft:air",
      "blockRefMeta": 0,
      "blockRefName": "minecraft:grass",
      "spawnRefBlocks": false,
      "recycleRefSeed": true,
      "isChunkBased": true,
      "refSeed": -364280967,
      "refSpawnChance": 0.0,
      "intensity": 597,
      "useRandomMeta": false,
      "wallTexture": "T3",
      "wallColor": "T0",
      "floorTexture": "T7",
      "floorColor": "T2",
      "chunks": [
        {
          "pos": [
            11,
            2,
            17
          ],
          "wallConfiguration": [
            {
              "face": "west",
              "config": {
                "type": "EXTERNAL",
                "wallConfiguration": [],
                "defaultPath": {
                  "type": "BLUEPRINT",
                  "reversed": false,
                  "buttonLocation": "NONE",
                  "pressurePlaceLocation": "NONE",
                  "keyMetas": []
                }
              }
            },
            {
              "face": "east",
              "config": {
                "type": "INTERNAL",
                "wallConfiguration": [],
                "defaultPath": {
                  "type": "BLUEPRINT",
                  "reversed": false,
                  "buttonLocation": "NONE",
                  "pressurePlaceLocation": "NONE",
                  "keyMetas": []
                }
              }
            },
            {
              "face": "south",
              "config": {
                "type": "INTERNAL",
                "wallConfiguration": [],
                "defaultPath": {
                  "type": "BLUEPRINT",
                  "reversed": false,
                  "buttonLocation": "NONE",
                  "pressurePlaceLocation": "NONE",
                  "keyMetas": []
                }
              }
            },
            {
              "face": "north",
              "config": {
                "type": "ROOM_ADJACENT",
                "wallConfiguration": [
                  {
                    "slot": 2,
                    "config": {
                      "type": "OPEN",
                      "reversed": false,
                      "buttonLocation": "NONE",
                      "pressurePlaceLocation": "NONE",
                      "keyMetas": []
                    }
                  }
                ],
                "defaultPath": {
                  "type": "BLUEPRINT",
                  "reversed": false,
                  "buttonLocation": "NONE",
                  "pressurePlaceLocation": "NONE",
                  "keyMetas": []
                }
              }
            }
          ],
          "roomID": 4
        },
        {
          "pos": [
            12,
            2,
            17
          ],
          "wallConfiguration": [
            {
              "face": "west",
              "config": {
                "type": "INTERNAL",
                "wallConfiguration": [],
                "defaultPath": {
                  "type": "BLUEPRINT",
                  "reversed": false,
                  "buttonLocation": "NONE",
                  "pressurePlaceLocation": "NONE",
                  "keyMetas": []
                }
              }
            },
            {
              "face": "east",
              "config": {
                "type": "INTERNAL",
                "wallConfiguration": [],
                "defaultPath": {
                  "type": "BLUEPRINT",
                  "reversed": false,
                  "buttonLocation": "NONE",
                  "pressurePlaceLocation": "NONE",
                  "keyMetas": []
                }
              }
            },
            {
              "face": "south",
              "config": {
                "type": "INTERNAL",
                "wallConfiguration": [],
                "defaultPath": {
                  "type": "BLUEPRINT",
                  "reversed": false,
                  "buttonLocation": "NONE",
                  "pressurePlaceLocation": "NONE",
                  "keyMetas": []
                }
              }
            },
            {
              "face": "north",
              "config": {
                "type": "EXTERNAL",
                "wallConfiguration": [],
                "defaultPath": {
                  "type": "BLUEPRINT",
                  "reversed": false,
                  "buttonLocation": "NONE",
                  "pressurePlaceLocation": "NONE",
                  "keyMetas": []
                }
              }
            }
          ],
          "roomID": 4
        },
        {
          "pos": [
            11,
            2,
            18
          ],
          "wallConfiguration": [
            {
              "face": "west",
              "config": {
                "type": "EXTERNAL",
                "wallConfiguration": [],
                "defaultPath": {
                  "type": "BLUEPRINT",
                  "reversed": false,
                  "buttonLocation": "NONE",
                  "pressurePlaceLocation": "NONE",
                  "keyMetas": []
                }
              }
            },
            {
              "face": "east",
              "config": {
                "type": "INTERNAL",
                "wallConfiguration": [],
                "defaultPath": {
                  "type": "BLUEPRINT",
                  "reversed": false,
                  "buttonLocation": "NONE",
                  "pressurePlaceLocation": "NONE",
                  "keyMetas": []
                }
              }
            },
            {
              "face": "south",
              "config": {
                "type": "EXTERNAL",
                "wallConfiguration": [],
                "defaultPath": {
                  "type": "BLUEPRINT",
                  "reversed": false,
                  "buttonLocation": "NONE",
                  "pressurePlaceLocation": "NONE",
                  "keyMetas": []
                }
              }
            },
            {
              "face": "north",
              "config": {
                "type": "INTERNAL",
                "wallConfiguration": [],
                "defaultPath": {
                  "type": "BLUEPRINT",
                  "reversed": false,
                  "buttonLocation": "NONE",
                  "pressurePlaceLocation": "NONE",
                  "keyMetas": []
                }
              }
            }
          ],
          "roomID": 4
        },
        {
          "pos": [
            13,
            2,
            17
          ],
          "wallConfiguration": [
            {
              "face": "west",
              "config": {
                "type": "INTERNAL",
                "wallConfiguration": [],
                "defaultPath": {
                  "type": "BLUEPRINT",
                  "reversed": false,
                  "buttonLocation": "NONE",
                  "pressurePlaceLocation": "NONE",
                  "keyMetas": []
                }
              }
            },
            {
              "face": "east",
              "config": {
                "type": "EXTERNAL",
                "wallConfiguration": [],
                "defaultPath": {
                  "type": "BLUEPRINT",
                  "reversed": false,
                  "buttonLocation": "NONE",
                  "pressurePlaceLocation": "NONE",
                  "keyMetas": []
                }
              }
            },
            {
              "face": "south",
              "config": {
                "type": "INTERNAL",
                "wallConfiguration": [],
                "defaultPath": {
                  "type": "BLUEPRINT",
                  "reversed": false,
                  "buttonLocation": "NONE",
                  "pressurePlaceLocation": "NONE",
                  "keyMetas": []
                }
              }
            },
            {
              "face": "north",
              "config": {
                "type": "EXTERNAL",
                "wallConfiguration": [],
                "defaultPath": {
                  "type": "BLUEPRINT",
                  "reversed": false,
                  "buttonLocation": "NONE",
                  "pressurePlaceLocation": "NONE",
                  "keyMetas": []
                }
              }
            }
          ],
          "roomID": 4
        },
        {
          "pos": [
            12,
            2,
            18
          ],
          "wallConfiguration": [
            {
              "face": "west",
              "config": {
                "type": "INTERNAL",
                "wallConfiguration": [],
                "defaultPath": {
                  "type": "BLUEPRINT",
                  "reversed": false,
                  "buttonLocation": "NONE",
                  "pressurePlaceLocation": "NONE",
                  "keyMetas": []
                }
              }
            },
            {
              "face": "east",
              "config": {
                "type": "INTERNAL",
                "wallConfiguration": [],
                "defaultPath": {
                  "type": "BLUEPRINT",
                  "reversed": false,
                  "buttonLocation": "NONE",
                  "pressurePlaceLocation": "NONE",
                  "keyMetas": []
                }
              }
            },
            {
              "face": "south",
              "config": {
                "type": "EXTERNAL",
                "wallConfiguration": [],
                "defaultPath": {
                  "type": "BLUEPRINT",
                  "reversed": false,
                  "buttonLocation": "NONE",
                  "pressurePlaceLocation": "NONE",
                  "keyMetas": []
                }
              }
            },
            {
              "face": "north",
              "config": {
                "type": "INTERNAL",
                "wallConfiguration": [],
                "defaultPath": {
                  "type": "BLUEPRINT",
                  "reversed": false,
                  "buttonLocation": "NONE",
                  "pressurePlaceLocation": "NONE",
                  "keyMetas": []
                }
              }
            }
          ],
          "roomID": 4
        },
        {
          "pos": [
            13,
            2,
            18
          ],
          "wallConfiguration": [
            {
              "face": "west",
              "config": {
                "type": "INTERNAL",
                "wallConfiguration": [],
                "defaultPath": {
                  "type": "BLUEPRINT",
                  "reversed": false,
                  "buttonLocation": "NONE",
                  "pressurePlaceLocation": "NONE",
                  "keyMetas": []
                }
              }
            },
            {
              "face": "east",
              "config": {
                "type": "EXTERNAL",
                "wallConfiguration": [],
                "defaultPath": {
                  "type": "BLUEPRINT",
                  "reversed": false,
                  "buttonLocation": "NONE",
                  "pressurePlaceLocation": "NONE",
                  "keyMetas": []
                }
              }
            },
            {
              "face": "south",
              "config": {
                "type": "EXTERNAL",
                "wallConfiguration": [],
                "defaultPath": {
                  "type": "BLUEPRINT",
                  "reversed": false,
                  "buttonLocation": "NONE",
                  "pressurePlaceLocation": "NONE",
                  "keyMetas": []
                }
              }
            },
            {
              "face": "north",
              "config": {
                "type": "INTERNAL",
                "wallConfiguration": [],
                "defaultPath": {
                  "type": "BLUEPRINT",
                  "reversed": false,
                  "buttonLocation": "NONE",
                  "pressurePlaceLocation": "NONE",
                  "keyMetas": []
                }
              }
            }
          ],
          "roomID": 4
        }
      ],
      "tagList": [
        "rm_4",
        "locked_door"
      ],
      "canPlayerSpawn": false,
      "doors": []
    },
    {
      "pos": [
        80,
        16,
        120
      ],
      "name": "Room_3",
      "color": -16711936,
      "type": "ROOM",
      "canProceed": false,
      "isDone": false,
      "completionTime": 0,
      "uuid": "75b701a8-1a75-41bd-aa55-f3ae8db08575",
      "pos2": [
        95,
        23,
        135
      ],
      "blockFloorMeta": 0,
      "blockFloorName": "polycraft:expblock",
      "blockWallMeta": 0,
      "blockWallName": "polycraft:expblock",
      "blockWallMetaTwo": 0,
      "blockCeilMeta": 0,
      "blockCeilName": "minecraft:air",
      "blockRefMeta": 0,
      "blockRefName": "minecraft:grass",
      "spawnRefBlocks": false,
      "recycleRefSeed": true,
      "isChunkBased": true,
      "refSeed": -1055349550,
      "refSpawnChance": 0.0,
      "intensity": 597,
      "useRandomMeta": false,
      "wallTexture": "T3",
      "wallColor": "T3",
      "floorTexture": "T6",
      "floorColor": "T1",
      "chunks": [
        {
          "pos": [
            10,
            2,
            15
          ],
          "wallConfiguration": [
            {
              "face": "west",
              "config": {
                "type": "EXTERNAL",
                "wallConfiguration": [],
                "defaultPath": {
                  "type": "BLUEPRINT",
                  "reversed": false,
                  "buttonLocation": "NONE",
                  "pressurePlaceLocation": "NONE",
                  "keyMetas": []
                }
              }
            },
            {
              "face": "east",
              "config": {
                "type": "INTERNAL",
                "wallConfiguration": [],
                "defaultPath": {
                  "type": "BLUEPRINT",
                  "reversed": false,
                  "buttonLocation": "NONE",
                  "pressurePlaceLocation": "NONE",
                  "keyMetas": []
                }
              }
            },
            {
              "face": "south",
              "config": {
                "type": "INTERNAL",
                "wallConfiguration": [],
                "defaultPath": {
                  "type": "BLUEPRINT",
                  "reversed": false,
                  "buttonLocation": "NONE",
                  "pressurePlaceLocation": "NONE",
                  "keyMetas": []
                }
              }
            },
            {
              "face": "north",
              "config": {
                "type": "ROOM_ADJACENT",
                "wallConfiguration": [
                  {
                    "slot": 2,
                    "config": {
                      "type": "OPEN",
                      "reversed": false,
                      "buttonLocation": "NONE",
                      "pressurePlaceLocation": "NONE",
                      "keyMetas": []
                    }
                  }
                ],
                "defaultPath": {
                  "type": "BLUEPRINT",
                  "reversed": false,
                  "buttonLocation": "NONE",
                  "pressurePlaceLocation": "NONE",
                  "keyMetas": []
                }
              }
            }
          ],
          "roomID": 3
        },
        {
          "pos": [
            11,
            2,
            15
          ],
          "wallConfiguration": [
            {
              "face": "west",
              "config": {
                "type": "INTERNAL",
                "wallConfiguration": [],
                "defaultPath": {
                  "type": "BLUEPRINT",
                  "reversed": false,
                  "buttonLocation": "NONE",
                  "pressurePlaceLocation": "NONE",
                  "keyMetas": []
                }
              }
            },
            {
              "face": "east",
              "config": {
                "type": "EXTERNAL",
                "wallConfiguration": [],
                "defaultPath": {
                  "type": "BLUEPRINT",
                  "reversed": false,
                  "buttonLocation": "NONE",
                  "pressurePlaceLocation": "NONE",
                  "keyMetas": []
                }
              }
            },
            {
              "face": "south",
              "config": {
                "type": "INTERNAL",
                "wallConfiguration": [],
                "defaultPath": {
                  "type": "BLUEPRINT",
                  "reversed": false,
                  "buttonLocation": "NONE",
                  "pressurePlaceLocation": "NONE",
                  "keyMetas": []
                }
              }
            },
            {
              "face": "north",
              "config": {
                "type": "ROOM_ADJACENT",
                "wallConfiguration": [
                  {
                    "slot": 5,
                    "config": {
                      "type": "OPEN",
                      "reversed": false,
                      "buttonLocation": "NONE",
                      "pressurePlaceLocation": "NONE",
                      "keyMetas": []
                    }
                  }
                ],
                "defaultPath": {
                  "type": "BLUEPRINT",
                  "reversed": false,
                  "buttonLocation": "NONE",
                  "pressurePlaceLocation": "NONE",
                  "keyMetas": []
                }
              }
            }
          ],
          "roomID": 3
        },
        {
          "pos": [
            10,
            2,
            16
          ],
          "wallConfiguration": [
            {
              "face": "west",
              "config": {
                "type": "EXTERNAL",
                "wallConfiguration": [],
                "defaultPath": {
                  "type": "BLUEPRINT",
                  "reversed": false,
                  "buttonLocation": "NONE",
                  "pressurePlaceLocation": "NONE",
                  "keyMetas": []
                }
              }
            },
            {
              "face": "east",
              "config": {
                "type": "INTERNAL",
                "wallConfiguration": [],
                "defaultPath": {
                  "type": "BLUEPRINT",
                  "reversed": false,
                  "buttonLocation": "NONE",
                  "pressurePlaceLocation": "NONE",
                  "keyMetas": []
                }
              }
            },
            {
              "face": "south",
              "config": {
                "type": "EXTERNAL",
                "wallConfiguration": [],
                "defaultPath": {
                  "type": "BLUEPRINT",
                  "reversed": false,
                  "buttonLocation": "NONE",
                  "pressurePlaceLocation": "NONE",
                  "keyMetas": []
                }
              }
            },
            {
              "face": "north",
              "config": {
                "type": "INTERNAL",
                "wallConfiguration": [],
                "defaultPath": {
                  "type": "BLUEPRINT",
                  "reversed": false,
                  "buttonLocation": "NONE",
                  "pressurePlaceLocation": "NONE",
                  "keyMetas": []
                }
              }
            }
          ],
          "roomID": 3
        },
        {
          "pos": [
            11,
            2,
            16
          ],
          "wallConfiguration": [
            {
              "face": "west",
              "config": {
                "type": "INTERNAL",
                "wallConfiguration": [],
                "defaultPath": {
                  "type": "BLUEPRINT",
                  "reversed": false,
                  "buttonLocation": "NONE",
                  "pressurePlaceLocation": "NONE",
                  "keyMetas": []
                }
              }
            },
            {
              "face": "east",
              "config": {
                "type": "EXTERNAL",
                "wallConfiguration": [],
                "defaultPath": {
                  "type": "BLUEPRINT",
                  "reversed": false,
                  "buttonLocation": "NONE",
                  "pressurePlaceLocation": "NONE",
                  "keyMetas": []
                }
              }
            },
            {
              "face": "south",
              "config": {
                "type": "ROOM_ADJACENT",
                "wallConfiguration": [
                  {
                    "slot": 2,
                    "config": {
                      "type": "DOOR_LOCKED",
                      "reversed": false,
                      "buttonLocation": "NONE",
                      "pressurePlaceLocation": "NONE",
                      "keyMetas": [
                        1,
                        4,
                        2
                      ]
                    }
                  }
                ],
                "defaultPath": {
                  "type": "BLUEPRINT",
                  "reversed": false,
                  "buttonLocation": "NONE",
                  "pressurePlaceLocation": "NONE",
                  "keyMetas": []
                }
              }
            },
            {
              "face": "north",
              "config": {
                "type": "INTERNAL",
                "wallConfiguration": [],
                "defaultPath": {
                  "type": "BLUEPRINT",
                  "reversed": false,
                  "buttonLocation": "NONE",
                  "pressurePlaceLocation": "NONE",
                  "keyMetas": []
                }
              }
            }
          ],
          "roomID": 3
        }
      ],
      "tagList": [
        "rm_3"
      ],
      "canPlayerSpawn": false,
      "doors": []
    },
    {
      "pos": [
        72,
        16,
        104
      ],
      "name": "Room_2",
      "color": -16711936,
      "type": "ROOM",
      "canProceed": false,
      "isDone": false,
      "completionTime": 0,
      "uuid": "39a49bed-5bb2-40d5-bc60-a4422d80e03e",
      "pos2": [
        95,
        23,
        119
      ],
      "blockFloorMeta": 0,
      "blockFloorName": "polycraft:expblock",
      "blockWallMeta": 0,
      "blockWallName": "polycraft:expblock",
      "blockWallMetaTwo": 0,
      "blockCeilMeta": 0,
      "blockCeilName": "minecraft:air",
      "blockRefMeta": 0,
      "blockRefName": "minecraft:grass",
      "spawnRefBlocks": false,
      "recycleRefSeed": true,
      "isChunkBased": true,
      "refSeed": -1220006892,
      "refSpawnChance": 0.0,
      "intensity": 597,
      "useRandomMeta": false,
      "wallTexture": "T2",
      "wallColor": "T2",
      "floorTexture": "T5",
      "floorColor": "T3",
      "chunks": [
        {
          "pos": [
            9,
            2,
            13
          ],
          "wallConfiguration": [
            {
              "face": "west",
              "config": {
                "type": "EXTERNAL",
                "wallConfiguration": [],
                "defaultPath": {
                  "type": "BLUEPRINT",
                  "reversed": false,
                  "buttonLocation": "NONE",
                  "pressurePlaceLocation": "NONE",
                  "keyMetas": []
                }
              }
            },
            {
              "face": "east",
              "config": {
                "type": "INTERNAL",
                "wallConfiguration": [],
                "defaultPath": {
                  "type": "BLUEPRINT",
                  "reversed": false,
                  "buttonLocation": "NONE",
                  "pressurePlaceLocation": "NONE",
                  "keyMetas": []
                }
              }
            },
            {
              "face": "south",
              "config": {
                "type": "INTERNAL",
                "wallConfiguration": [],
                "defaultPath": {
                  "type": "BLUEPRINT",
                  "reversed": false,
                  "buttonLocation": "NONE",
                  "pressurePlaceLocation": "NONE",
                  "keyMetas": []
                }
              }
            },
            {
              "face": "north",
              "config": {
                "type": "EXTERNAL",
                "wallConfiguration": [],
                "defaultPath": {
                  "type": "BLUEPRINT",
                  "reversed": false,
                  "buttonLocation": "NONE",
                  "pressurePlaceLocation": "NONE",
                  "keyMetas": []
                }
              }
            }
          ],
          "roomID": 2
        },
        {
          "pos": [
            10,
            2,
            13
          ],
          "wallConfiguration": [
            {
              "face": "west",
              "config": {
                "type": "INTERNAL",
                "wallConfiguration": [],
                "defaultPath": {
                  "type": "BLUEPRINT",
                  "reversed": false,
                  "buttonLocation": "NONE",
                  "pressurePlaceLocation": "NONE",
                  "keyMetas": []
                }
              }
            },
            {
              "face": "east",
              "config": {
                "type": "INTERNAL",
                "wallConfiguration": [],
                "defaultPath": {
                  "type": "BLUEPRINT",
                  "reversed": false,
                  "buttonLocation": "NONE",
                  "pressurePlaceLocation": "NONE",
                  "keyMetas": []
                }
              }
            },
            {
              "face": "south",
              "config": {
                "type": "INTERNAL",
                "wallConfiguration": [],
                "defaultPath": {
                  "type": "BLUEPRINT",
                  "reversed": false,
                  "buttonLocation": "NONE",
                  "pressurePlaceLocation": "NONE",
                  "keyMetas": []
                }
              }
            },
            {
              "face": "north",
              "config": {
                "type": "ROOM_ADJACENT",
                "wallConfiguration": [
                  {
                    "slot": 5,
                    "config": {
                      "type": "OPEN",
                      "reversed": false,
                      "buttonLocation": "NONE",
                      "pressurePlaceLocation": "NONE",
                      "keyMetas": []
                    }
                  }
                ],
                "defaultPath": {
                  "type": "BLUEPRINT",
                  "reversed": false,
                  "buttonLocation": "NONE",
                  "pressurePlaceLocation": "NONE",
                  "keyMetas": []
                }
              }
            }
          ],
          "roomID": 2
        },
        {
          "pos": [
            9,
            2,
            14
          ],
          "wallConfiguration": [
            {
              "face": "west",
              "config": {
                "type": "EXTERNAL",
                "wallConfiguration": [],
                "defaultPath": {
                  "type": "BLUEPRINT",
                  "reversed": false,
                  "buttonLocation": "NONE",
                  "pressurePlaceLocation": "NONE",
                  "keyMetas": []
                }
              }
            },
            {
              "face": "east",
              "config": {
                "type": "INTERNAL",
                "wallConfiguration": [],
                "defaultPath": {
                  "type": "BLUEPRINT",
                  "reversed": false,
                  "buttonLocation": "NONE",
                  "pressurePlaceLocation": "NONE",
                  "keyMetas": []
                }
              }
            },
            {
              "face": "south",
              "config": {
                "type": "EXTERNAL",
                "wallConfiguration": [],
                "defaultPath": {
                  "type": "BLUEPRINT",
                  "reversed": false,
                  "buttonLocation": "NONE",
                  "pressurePlaceLocation": "NONE",
                  "keyMetas": []
                }
              }
            },
            {
              "face": "north",
              "config": {
                "type": "INTERNAL",
                "wallConfiguration": [],
                "defaultPath": {
                  "type": "BLUEPRINT",
                  "reversed": false,
                  "buttonLocation": "NONE",
                  "pressurePlaceLocation": "NONE",
                  "keyMetas": []
                }
              }
            }
          ],
          "roomID": 2
        },
        {
          "pos": [
            11,
            2,
            13
          ],
          "wallConfiguration": [
            {
              "face": "west",
              "config": {
                "type": "INTERNAL",
                "wallConfiguration": [],
                "defaultPath": {
                  "type": "BLUEPRINT",
                  "reversed": false,
                  "buttonLocation": "NONE",
                  "pressurePlaceLocation": "NONE",
                  "keyMetas": []
                }
              }
            },
            {
              "face": "east",
              "config": {
                "type": "EXTERNAL",
                "wallConfiguration": [],
                "defaultPath": {
                  "type": "BLUEPRINT",
                  "reversed": false,
                  "buttonLocation": "NONE",
                  "pressurePlaceLocation": "NONE",
                  "keyMetas": []
                }
              }
            },
            {
              "face": "south",
              "config": {
                "type": "INTERNAL",
                "wallConfiguration": [],
                "defaultPath": {
                  "type": "BLUEPRINT",
                  "reversed": false,
                  "buttonLocation": "NONE",
                  "pressurePlaceLocation": "NONE",
                  "keyMetas": []
                }
              }
            },
            {
              "face": "north",
              "config": {
                "type": "ROOM_ADJACENT",
                "wallConfiguration": [
                  {
                    "slot": 4,
                    "config": {
                      "type": "OPEN",
                      "reversed": false,
                      "buttonLocation": "NONE",
                      "pressurePlaceLocation": "NONE",
                      "keyMetas": []
                    }
                  }
                ],
                "defaultPath": {
                  "type": "BLUEPRINT",
                  "reversed": false,
                  "buttonLocation": "NONE",
                  "pressurePlaceLocation": "NONE",
                  "keyMetas": []
                }
              }
            }
          ],
          "roomID": 2
        },
        {
          "pos": [
            10,
            2,
            14
          ],
          "wallConfiguration": [
            {
              "face": "west",
              "config": {
                "type": "INTERNAL",
                "wallConfiguration": [],
                "defaultPath": {
                  "type": "BLUEPRINT",
                  "reversed": false,
                  "buttonLocation": "NONE",
                  "pressurePlaceLocation": "NONE",
                  "keyMetas": []
                }
              }
            },
            {
              "face": "east",
              "config": {
                "type": "INTERNAL",
                "wallConfiguration": [],
                "defaultPath": {
                  "type": "BLUEPRINT",
                  "reversed": false,
                  "buttonLocation": "NONE",
                  "pressurePlaceLocation": "NONE",
                  "keyMetas": []
                }
              }
            },
            {
              "face": "south",
              "config": {
                "type": "ROOM_ADJACENT",
                "wallConfiguration": [
                  {
                    "slot": 2,
                    "config": {
                      "type": "OPEN",
                      "reversed": false,
                      "buttonLocation": "NONE",
                      "pressurePlaceLocation": "NONE",
                      "keyMetas": []
                    }
                  }
                ],
                "defaultPath": {
                  "type": "BLUEPRINT",
                  "reversed": false,
                  "buttonLocation": "NONE",
                  "pressurePlaceLocation": "NONE",
                  "keyMetas": []
                }
              }
            },
            {
              "face": "north",
              "config": {
                "type": "INTERNAL",
                "wallConfiguration": [],
                "defaultPath": {
                  "type": "BLUEPRINT",
                  "reversed": false,
                  "buttonLocation": "NONE",
                  "pressurePlaceLocation": "NONE",
                  "keyMetas": []
                }
              }
            }
          ],
          "roomID": 2
        },
        {
          "pos": [
            11,
            2,
            14
          ],
          "wallConfiguration": [
            {
              "face": "west",
              "config": {
                "type": "INTERNAL",
                "wallConfiguration": [],
                "defaultPath": {
                  "type": "BLUEPRINT",
                  "reversed": false,
                  "buttonLocation": "NONE",
                  "pressurePlaceLocation": "NONE",
                  "keyMetas": []
                }
              }
            },
            {
              "face": "east",
              "config": {
                "type": "EXTERNAL",
                "wallConfiguration": [],
                "defaultPath": {
                  "type": "BLUEPRINT",
                  "reversed": false,
                  "buttonLocation": "NONE",
                  "pressurePlaceLocation": "NONE",
                  "keyMetas": []
                }
              }
            },
            {
              "face": "south",
              "config": {
                "type": "ROOM_ADJACENT",
                "wallConfiguration": [
                  {
                    "slot": 5,
                    "config": {
                      "type": "OPEN",
                      "reversed": false,
                      "buttonLocation": "NONE",
                      "pressurePlaceLocation": "NONE",
                      "keyMetas": []
                    }
                  }
                ],
                "defaultPath": {
                  "type": "BLUEPRINT",
                  "reversed": false,
                  "buttonLocation": "NONE",
                  "pressurePlaceLocation": "NONE",
                  "keyMetas": []
                }
              }
            },
            {
              "face": "north",
              "config": {
                "type": "INTERNAL",
                "wallConfiguration": [],
                "defaultPath": {
                  "type": "BLUEPRINT",
                  "reversed": false,
                  "buttonLocation": "NONE",
                  "pressurePlaceLocation": "NONE",
                  "keyMetas": []
                }
              }
            }
          ],
          "roomID": 2
        }
      ],
      "tagList": [
        "rm_2"
      ],
      "canPlayerSpawn": false,
      "doors": []
    },
    {
      "pos": [
        80,
        16,
        88
      ],
      "name": "Room_1",
      "color": -16711936,
      "type": "ROOM",
      "canProceed": false,
      "isDone": false,
      "completionTime": 0,
      "uuid": "628feb1b-00e9-4ff1-88e8-1aa0914bf68c",
      "pos2": [
        95,
        23,
        103
      ],
      "blockFloorMeta": 0,
      "blockFloorName": "polycraft:expblock",
      "blockWallMeta": 0,
      "blockWallName": "polycraft:expblock",
      "blockWallMetaTwo": 0,
      "blockCeilMeta": 0,
      "blockCeilName": "minecraft:air",
      "blockRefMeta": 0,
      "blockRefName": "minecraft:grass",
      "spawnRefBlocks": false,
      "recycleRefSeed": true,
      "isChunkBased": true,
      "refSeed": -1085873671,
      "refSpawnChance": 0.0,
      "intensity": 597,
      "useRandomMeta": false,
      "wallTexture": "T1",
      "wallColor": "T1",
      "floorTexture": "T4",
      "floorColor": "T0",
      "chunks": [
        {
          "pos": [
            10,
            2,
            11
          ],
          "wallConfiguration": [
            {
              "face": "west",
              "config": {
                "type": "EXTERNAL",
                "wallConfiguration": [],
                "defaultPath": {
                  "type": "BLUEPRINT",
                  "reversed": false,
                  "buttonLocation": "NONE",
                  "pressurePlaceLocation": "NONE",
                  "keyMetas": []
                }
              }
            },
            {
              "face": "east",
              "config": {
                "type": "INTERNAL",
                "wallConfiguration": [],
                "defaultPath": {
                  "type": "BLUEPRINT",
                  "reversed": false,
                  "buttonLocation": "NONE",
                  "pressurePlaceLocation": "NONE",
                  "keyMetas": []
                }
              }
            },
            {
              "face": "south",
              "config": {
                "type": "INTERNAL",
                "wallConfiguration": [],
                "defaultPath": {
                  "type": "BLUEPRINT",
                  "reversed": false,
                  "buttonLocation": "NONE",
                  "pressurePlaceLocation": "NONE",
                  "keyMetas": []
                }
              }
            },
            {
              "face": "north",
              "config": {
                "type": "EXTERNAL",
                "wallConfiguration": [],
                "defaultPath": {
                  "type": "BLUEPRINT",
                  "reversed": false,
                  "buttonLocation": "NONE",
                  "pressurePlaceLocation": "NONE",
                  "keyMetas": []
                }
              }
            }
          ],
          "roomID": 1
        },
        {
          "pos": [
            11,
            2,
            11
          ],
          "wallConfiguration": [
            {
              "face": "west",
              "config": {
                "type": "INTERNAL",
                "wallConfiguration": [],
                "defaultPath": {
                  "type": "BLUEPRINT",
                  "reversed": false,
                  "buttonLocation": "NONE",
                  "pressurePlaceLocation": "NONE",
                  "keyMetas": []
                }
              }
            },
            {
              "face": "east",
              "config": {
                "type": "EXTERNAL",
                "wallConfiguration": [],
                "defaultPath": {
                  "type": "BLUEPRINT",
                  "reversed": false,
                  "buttonLocation": "NONE",
                  "pressurePlaceLocation": "NONE",
                  "keyMetas": []
                }
              }
            },
            {
              "face": "south",
              "config": {
                "type": "INTERNAL",
                "wallConfiguration": [],
                "defaultPath": {
                  "type": "BLUEPRINT",
                  "reversed": false,
                  "buttonLocation": "NONE",
                  "pressurePlaceLocation": "NONE",
                  "keyMetas": []
                }
              }
            },
            {
              "face": "north",
              "config": {
                "type": "ROOM_ADJACENT",
                "wallConfiguration": [
                  {
                    "slot": 3,
                    "config": {
                      "type": "OPEN",
                      "reversed": false,
                      "buttonLocation": "NONE",
                      "pressurePlaceLocation": "NONE",
                      "keyMetas": []
                    }
                  }
                ],
                "defaultPath": {
                  "type": "BLUEPRINT",
                  "reversed": false,
                  "buttonLocation": "NONE",
                  "pressurePlaceLocation": "NONE",
                  "keyMetas": []
                }
              }
            }
          ],
          "roomID": 1
        },
        {
          "pos": [
            10,
            2,
            12
          ],
          "wallConfiguration": [
            {
              "face": "west",
              "config": {
                "type": "EXTERNAL",
                "wallConfiguration": [],
                "defaultPath": {
                  "type": "BLUEPRINT",
                  "reversed": false,
                  "buttonLocation": "NONE",
                  "pressurePlaceLocation": "NONE",
                  "keyMetas": []
                }
              }
            },
            {
              "face": "east",
              "config": {
                "type": "INTERNAL",
                "wallConfiguration": [],
                "defaultPath": {
                  "type": "BLUEPRINT",
                  "reversed": false,
                  "buttonLocation": "NONE",
                  "pressurePlaceLocation": "NONE",
                  "keyMetas": []
                }
              }
            },
            {
              "face": "south",
              "config": {
                "type": "ROOM_ADJACENT",
                "wallConfiguration": [
                  {
                    "slot": 5,
                    "config": {
                      "type": "OPEN",
                      "reversed": false,
                      "buttonLocation": "NONE",
                      "pressurePlaceLocation": "NONE",
                      "keyMetas": []
                    }
                  }
                ],
                "defaultPath": {
                  "type": "BLUEPRINT",
                  "reversed": false,
                  "buttonLocation": "NONE",
                  "pressurePlaceLocation": "NONE",
                  "keyMetas": []
                }
              }
            },
            {
              "face": "north",
              "config": {
                "type": "INTERNAL",
                "wallConfiguration": [],
                "defaultPath": {
                  "type": "BLUEPRINT",
                  "reversed": false,
                  "buttonLocation": "NONE",
                  "pressurePlaceLocation": "NONE",
                  "keyMetas": []
                }
              }
            }
          ],
          "roomID": 1
        },
        {
          "pos": [
            11,
            2,
            12
          ],
          "wallConfiguration": [
            {
              "face": "west",
              "config": {
                "type": "INTERNAL",
                "wallConfiguration": [],
                "defaultPath": {
                  "type": "BLUEPRINT",
                  "reversed": false,
                  "buttonLocation": "NONE",
                  "pressurePlaceLocation": "NONE",
                  "keyMetas": []
                }
              }
            },
            {
              "face": "east",
              "config": {
                "type": "EXTERNAL",
                "wallConfiguration": [],
                "defaultPath": {
                  "type": "BLUEPRINT",
                  "reversed": false,
                  "buttonLocation": "NONE",
                  "pressurePlaceLocation": "NONE",
                  "keyMetas": []
                }
              }
            },
            {
              "face": "south",
              "config": {
                "type": "ROOM_ADJACENT",
                "wallConfiguration": [
                  {
                    "slot": 4,
                    "config": {
                      "type": "OPEN",
                      "reversed": false,
                      "buttonLocation": "NONE",
                      "pressurePlaceLocation": "NONE",
                      "keyMetas": []
                    }
                  }
                ],
                "defaultPath": {
                  "type": "BLUEPRINT",
                  "reversed": false,
                  "buttonLocation": "NONE",
                  "pressurePlaceLocation": "NONE",
                  "keyMetas": []
                }
              }
            },
            {
              "face": "north",
              "config": {
                "type": "INTERNAL",
                "wallConfiguration": [],
                "defaultPath": {
                  "type": "BLUEPRINT",
                  "reversed": false,
                  "buttonLocation": "NONE",
                  "pressurePlaceLocation": "NONE",
                  "keyMetas": []
                }
              }
            }
          ],
          "roomID": 1
        }
      ],
      "tagList": [
        "rm_1"
      ],
      "canPlayerSpawn": true,
      "doors": []
    },
    {
      "pos": [
        88,
        16,
        80
      ],
      "name": "Room_0",
      "color": -16711936,
      "type": "ROOM",
      "canProceed": false,
      "isDone": false,
      "completionTime": 0,
      "uuid": "3a9e556d-b1e7-4e1e-9829-bb09a69633e6",
      "pos2": [
        95,
        23,
        87
      ],
      "blockFloorMeta": 0,
      "blockFloorName": "polycraft:expblock",
      "blockWallMeta": 0,
      "blockWallName": "polycraft:expblock",
      "blockWallMetaTwo": 0,
      "blockCeilMeta": 0,
      "blockCeilName": "minecraft:air",
      "blockRefMeta": 0,
      "blockRefName": "minecraft:grass",
      "spawnRefBlocks": false,
      "recycleRefSeed": true,
      "isChunkBased": true,
      "refSeed": 129302723,
      "refSpawnChance": 0.0,
      "intensity": 597,
      "useRandomMeta": false,
      "wallTexture": "T2",
      "wallColor": "T3",
      "floorTexture": "T6",
      "floorColor": "T2",
      "chunks": [
        {
          "pos": [
            11,
            2,
            10
          ],
          "wallConfiguration": [
            {
              "face": "west",
              "config": {
                "type": "EXTERNAL",
                "wallConfiguration": [],
                "defaultPath": {
                  "type": "BLUEPRINT",
                  "reversed": false,
                  "buttonLocation": "NONE",
                  "pressurePlaceLocation": "NONE",
                  "keyMetas": []
                }
              }
            },
            {
              "face": "east",
              "config": {
                "type": "EXTERNAL",
                "wallConfiguration": [],
                "defaultPath": {
                  "type": "BLUEPRINT",
                  "reversed": false,
                  "buttonLocation": "NONE",
                  "pressurePlaceLocation": "NONE",
                  "keyMetas": []
                }
              }
            },
            {
              "face": "south",
              "config": {
                "type": "ROOM_ADJACENT",
                "wallConfiguration": [
                  {
                    "slot": 3,
                    "config": {
                      "type": "OPEN",
                      "reversed": false,
                      "buttonLocation": "NONE",
                      "pressurePlaceLocation": "NONE",
                      "keyMetas": []
                    }
                  }
                ],
                "defaultPath": {
                  "type": "BLUEPRINT",
                  "reversed": false,
                  "buttonLocation": "NONE",
                  "pressurePlaceLocation": "NONE",
                  "keyMetas": []
                }
              }
            },
            {
              "face": "north",
              "config": {
                "type": "EXTERNAL",
                "wallConfiguration": [],
                "defaultPath": {
                  "type": "BLUEPRINT",
                  "reversed": false,
                  "buttonLocation": "NONE",
                  "pressurePlaceLocation": "NONE",
                  "keyMetas": []
                }
              }
            }
          ],
          "roomID": 0
        }
      ],
      "tagList": [
        "rm_0"
      ],
      "canPlayerSpawn": false,
      "doors": []
    },
    {
      "pos": [
        0,
        0,
        0
      ],
      "name": "SeedSpawn_1",
      "color": -256,
      "type": "SEED_SPAWN",
      "canProceed": false,
      "isDone": false,
      "completionTime": 0,
      "uuid": "10a2eefc-5b47-41ba-83ba-f188c55811b7",
      "stepCount": 0
    },
    {
      "pos": [
        72,
        17,
        80
      ],
      "name": "map",
      "color": -256,
      "type": "DATA",
      "canProceed": true,
      "isDone": false,
      "completionTime": 0,
      "uuid": "3b0fe8ec-9874-4bd7-9422-f61f577328fc",
      "pos2": [
        111,
        18,
        151
      ],
      "data": " "
    },
    {
      "pos": [
        5,
        4,
        3
      ],
      "name": "Shader 12",
      "color": -16711936,
      "type": "SHADER",
      "canProceed": false,
      "isDone": false,
      "completionTime": 0,
      "uuid": "4ff16194-9889-43a6-8e40-9fa6e687f157",
      "shaderType": "NONE",
      "intensity": 0,
      "seed": 0,
      "boxStart": 0,
      "boxEnd": 0,
      "macguffinColor": -15579597
    },
    {
      "pos": [
        7,
        4,
        26
      ],
      "name": "dest",
      "color": -256,
      "type": "DATA",
      "canProceed": true,
      "isDone": false,
      "completionTime": 0,
      "uuid": "2c4be521-085f-4b95-b42a-1fe8b01e57bd",
      "pos2": [
        7,
        4,
        26
      ],
      "data": " "
    },
    {
      "pos": [
        1,
        4,
        17
      ],
      "name": "room sw",
      "color": -256,
      "type": "DATA",
      "canProceed": true,
      "isDone": false,
      "completionTime": 0,
      "uuid": "4c8eda00-82c5-4cdf-8116-b7e51380fecd",
      "pos2": [
        14,
        4,
        30
      ],
      "data": " "
    },
    {
      "pos": [
        1,
        4,
        1
      ],
      "name": "room 1",
      "color": -256,
      "type": "DATA",
      "canProceed": true,
      "isDone": false,
      "completionTime": 0,
      "uuid": "0ee2866d-5a0f-4ee8-b2cf-df8161c82f2c",
      "pos2": [
        14,
        4,
        14
      ],
      "data": " "
    },
    {
      "pos": [
        17,
        4,
        1
      ],
      "name": "room 2",
      "color": -256,
      "type": "DATA",
      "canProceed": true,
      "isDone": false,
      "completionTime": 0,
      "uuid": "c1b746ac-da67-4bdf-9a0b-537255a58307",
      "pos2": [
        30,
        4,
        14
      ],
      "data": " "
    },
    {
      "pos": [
        17,
        4,
        17
      ],
      "name": "room 3",
      "color": -256,
      "type": "DATA",
      "canProceed": true,
      "isDone": false,
      "completionTime": 0,
      "uuid": "6edf9eb4-87b7-478f-99b2-cc56bfcabbb9",
      "pos2": [
        30,
        4,
        30
      ],
      "data": " "
    },
    {
      "pos": [
        17,
        4,
        1
      ],
      "name": "World Builder 8",
      "color": -16711936,
      "type": "WORLDGEN",
      "canProceed": false,
      "isDone": false,
      "completionTime": 0,
      "uuid": "fdbf813a-3969-4f6d-8162-2640d615fccc",
      "pos2": [
        30,
        4,
        14
      ],
      "count": 30,
      "genType": "BLOCK_LIST",
      "blockList": [
        {
          "blockPos": [
            85,
            17,
            110
          ],
          "blockDef": {
            "blockName": "polycraft:macguffin",
            "blockMeta": 0
          }
        }
      ],
      "chestList": [
        {
          "blockPos": [
            92,
            17,
            85
          ],
          "chestDef": {
            "meta": 0,
            "containerType": "CHEST"
          }
        },
        {
          "blockPos": [
            86,
            17,
            94
          ],
          "chestDef": {
            "itemList": [
              {
                "slot": 0,
                "itemDef": {
                  "itemName": "polycraft:key",
                  "itemMeta": 1,
                  "count": 1
                }
              }
            ],
            "meta": 0,
            "containerType": "CHEST"
          }
        },
        {
          "blockPos": [
            82,
            17,
            131
          ],
          "chestDef": {
            "meta": 0,
            "containerType": "CHEST"
          }
        },
        {
          "blockPos": [
            84,
            17,
            97
          ],
          "chestDef": {
            "meta": 0,
            "containerType": "CHEST"
          }
        },
        {
          "blockPos": [
            85,
            17,
            131
          ],
          "chestDef": {
            "itemList": [
              {
                "slot": 0,
                "itemDef": {
                  "itemName": "polycraft:key",
                  "itemMeta": 4,
                  "count": 1
                }
              }
            ],
            "meta": 0,
            "containerType": "CHEST"
          }
        },
        {
          "blockPos": [
            88,
            17,
            127
          ],
          "chestDef": {
            "meta": 0,
            "containerType": "CHEST"
          }
        },
        {
          "blockPos": [
            74,
            17,
            114
          ],
          "chestDef": {
            "meta": 0,
            "containerType": "CHEST"
          }
        },
        {
          "blockPos": [
            76,
            17,
            111
          ],
          "chestDef": {
            "meta": 0,
            "containerType": "CHEST"
          }
        },
        {
          "blockPos": [
            91,
            17,
            98
          ],
          "chestDef": {
            "meta": 0,
            "containerType": "CHEST"
          }
        },
        {
          "blockPos": [
            75,
            17,
            116
          ],
          "chestDef": {
            "meta": 0,
            "containerType": "CHEST"
          }
        },
        {
          "blockPos": [
            93,
            17,
            133
          ],
          "chestDef": {
            "itemList": [
              {
                "slot": 0,
                "itemDef": {
                  "itemName": "polycraft:key",
                  "itemMeta": 2,
                  "count": 1
                }
              }
            ],
            "meta": 0,
            "containerType": "CHEST"
          }
        },
        {
          "blockPos": [
            90,
            17,
            112
          ],
          "chestDef": {
            "meta": 0,
            "containerType": "CHEST"
          }
        },
        {
          "blockPos": [
            90,
            17,
            82
          ],
          "chestDef": {
            "meta": 0,
            "containerType": "CHEST"
          }
        }
      ]
    },
    {
      "pos": [
        3,
        4,
        6
      ],
      "name": "Add Items 6",
      "color": -256,
      "type": "ADD_ITEMS",
      "canProceed": false,
      "isDone": false,
      "completionTime": 0,
      "uuid": "b6ae0b79-e683-4c8a-b33c-39659562c617"
    },
    {
      "pos": [
        101,
        17,
        142
      ],
      "name": "End Condition",
      "color": -256,
      "type": "END",
      "canProceed": true,
      "isDone": false,
      "completionTime": 0,
      "uuid": "db3e5cd8-6749-11ea-bc55-0242ac130003",
      "endCondition": "BLOCK_TO_LOCATION",
      "itemToAcquire": "",
      "blockToPlace": "polycraft:macguffin",
      "locationToReach": [
        101,
        17,
        142
      ],
      "endTime": 0.0,
      "endStepCost": 0.0,
      "isFinished": false,
      "blockName": "minecraft:lapis_block",
      "blockMeta": 0
    },
    {
      "pos": [
        15,
        1,
        15
      ],
      "name": "Guide 4",
      "color": -256,
      "type": "GUIDE",
      "canProceed": false,
      "isDone": false,
      "completionTime": 0,
      "uuid": "5d9adf72-ef99-4954-b0c3-fd52687b0d0b",
      "pos2": [
        15,
        1,
        15
      ]
    }
  ],
  "options": {
    "pos": [
      0,
      0,
      0
    ],
    "pos2": [
      31,
      9,
      31
    ],
    "name": "",
    "numTeams": 1,
    "teamSize": 1,
    "seed": -1002485365,
    "hideGui": false,
    "outputScreen": false,
    "distribution": "Uninformed"
  },
  "novelty_config": {
    "seed": 0,
    "templatePath": "../Novelty/input/hgv1_1.json",
    "novelties": [
      {
        "blockName": "polycraft:expblock",
        "blockMeta": 0,
        "type": "RoomGenTransform",
        "roomGenOrder": [
          0,
          1,
          2,
          3,
          4
        ],
        "roomGenOrderR": [
          1,
          1,
          1,
          1,
          1
        ],
        "linearRooms": true,
        "roomGenTransformType": "UPDATE_ROOMS",
        "roomTypes": [
          {
            "xMin": 1,
            "xMax": 1,
            "yMin": 1,
            "yMax": 1,
            "zMin": 1,
            "zMax": 1,
            "blockFloorName": "polycraft:expblock",
            "blockCeilName": "minecraft:air",
            "blockWallName": "polycraft:expblock",
            "blockRefName": "minecraft:grass",
            "canPlayerSpawn": false,
            "tagList": [
              "rm_0"
            ]
          },
          {
            "xMin": 2,
            "xMax": 3,
            "yMin": 1,
            "yMax": 1,
            "zMin": 2,
            "zMax": 3,
            "blockFloorName": "polycraft:expblock",
            "blockCeilName": "minecraft:air",
            "blockWallName": "polycraft:expblock",
            "blockRefName": "minecraft:grass",
            "canPlayerSpawn": true,
            "tagList": [
              "rm_1"
            ]
          },
          {
            "xMin": 2,
            "xMax": 3,
            "yMin": 1,
            "yMax": 1,
            "zMin": 2,
            "zMax": 3,
            "blockFloorName": "polycraft:expblock",
            "blockCeilName": "minecraft:air",
            "blockWallName": "polycraft:expblock",
            "blockRefName": "minecraft:grass",
            "canPlayerSpawn": false,
            "tagList": [
              "rm_2"
            ]
          },
          {
            "xMin": 2,
            "xMax": 3,
            "yMin": 1,
            "yMax": 1,
            "zMin": 2,
            "zMax": 3,
            "blockFloorName": "polycraft:expblock",
            "blockCeilName": "minecraft:air",
            "blockWallName": "polycraft:expblock",
            "blockRefName": "minecraft:grass",
            "canPlayerSpawn": false,
            "tagList": [
              "rm_3"
            ]
          },
          {
            "xMin": 2,
            "xMax": 3,
            "yMin": 1,
            "yMax": 1,
            "zMin": 2,
            "zMax": 3,
            "blockFloorName": "polycraft:expblock",
            "blockCeilName": "minecraft:air",
            "blockWallName": "polycraft:expblock",
            "blockRefName": "minecraft:grass",
            "canPlayerSpawn": false,
            "tagList": [
              "rm_4",
              "locked_door"
            ]
          }
        ]
      },
      {
        "type": "RoomWallTransform",
        "keyMetas": [
          1,
          2,
          4
        ],
        "maxDoors": 4,
        "transformType": "ADD_PATHS"
      },
      {
        "blockName": "minecraft:chest",
        "type": "WorldGenTransform",
        "transformType": "BLOCK_LOCATION",
        "countOffset": 2,
        "tagList": [
          "rm_0"
        ]
      },
      {
        "blockName": "minecraft:chest",
        "type": "WorldGenTransform",
        "transformType": "BLOCK_LOCATION",
        "overrideCount": true,
        "countMin": 10,
        "countMax": 15,
        "itemList": [
          {
            "itemName": "polycraft:key",
            "itemMeta": 1,
            "count": 1
          },
          {
            "itemName": "polycraft:key",
            "itemMeta": 2,
            "count": 1
          },
          {
            "itemName": "polycraft:key",
            "itemMeta": 4,
            "count": 1
          }
        ],
        "tagList": [
          "rm_1",
          "rm_2",
          "rm_3"
        ]
      },
      {
        "blockName": "polycraft:macguffin",
        "type": "WorldGenTransform",
        "transformType": "BLOCK_LOCATION",
        "tagList": [
          "rm_2"
        ]
      },
      {
        "blockName": "minecraft:lapis_block",
        "type": "TargetDestTransform",
        "transformType": "BLOCK_LOCATION",
        "tagList": [
          "rm_4"
        ]
      },
      {
        "type": "AddActorTransform",
        "transformType": "DOG",
        "tagList": [
          "rm_1"
        ]
      },
      {
        "type": "AddActorTransform",
        "transformType": "PATROL",
        "tagList": [
          "rm_1",
          "gray",
          "increase"
        ]
      },
      {
        "type": "AddActorTransform",
        "transformType": "PATROL",
        "tagList": [
          "rm_2",
          "red",
          "gray",
          "increase",
          "redToGray"
        ]
      },
      {
        "type": "AddActorTransform",
        "transformType": "PATROL",
        "tagList": [
          "rm_3",
          "red",
          "gray",
          "increase",
          "redToGray"
        ]
      },
      {
        "type": "AddActorTransform",
        "transformType": "PATROL",
        "tagList": [
          "rm_4",
          "red",
          "gray",
          "increase",
          "redToGray"
        ]
      }
    ],
    "seedOverride": -1002485365,
    "generatedTimeStamp": "2022-01-18 11:37:21.078"
  }
}