{
  "features": [
    {
      "pos": [
        104,
        17,
        98
      ],
      "name": "Start 0",
      "color": -16711681,
      "type": "START",
      "canProceed": false,
      "isDone": false,
      "completionTime": 0,
      "uuid": "960698f3-279a-4285-be39-06f4ed147820",
      "pos2": [
        3,
        4,
        6
      ],
      "lookDir": [
        0,
        270,
        0
      ],
      "dim": 0,
      "spawnedInServer": false,
      "spawnedInClient": false,
      "spawnRand": false
    },
    {
      "pos": [
        117,
        17,
        154
      ],
      "name": "Patrol_Blue",
      "color": -65281,
      "type": "ENTITY_PATROL",
      "canProceed": false,
      "isDone": false,
      "completionTime": 0,
      "uuid": "885d1fbb-70d3-4938-8781-cfd8b4ec0748",
      "entityColor": "BLACK",
      "addArmor": false,
      "patrolType": "BLUE",
      "canThrow": false,
      "throwDistance": 1,
      "persuePlayer": false,
      "persueChance": 0,
      "throwRand": false,
      "teleportChance": 0,
      "expiditeActChance": 0,
      "delayActChance": 0,
      "trapDistance": 0,
      "captureDistance": 2.5
    },
    {
      "pos": [
        123,
        17,
        158
      ],
      "name": "Patrol_Red",
      "color": -65281,
      "type": "ENTITY_PATROL",
      "canProceed": false,
      "isDone": false,
      "completionTime": 0,
      "uuid": "57aec99e-b769-4419-8a8d-9af2a5cd3cd8",
      "entityColor": "BLACK",
      "addArmor": false,
      "patrolType": "RED",
      "canThrow": false,
      "throwDistance": 1,
      "persuePlayer": false,
      "persueChance": 0,
      "throwRand": false,
      "teleportChance": 0,
      "expiditeActChance": 0,
      "delayActChance": 0,
      "trapDistance": 0,
      "captureDistance": 2.5
    },
    {
      "pos": [
        107,
        17,
        162
      ],
      "name": "Patrol_Gray",
      "color": -65281,
      "type": "ENTITY_PATROL",
      "canProceed": false,
      "isDone": false,
      "completionTime": 0,
      "uuid": "ce78b00d-a0c5-406f-9384-8c83d791f116",
      "entityColor": "BLACK",
      "addArmor": false,
      "patrolType": "GRAY",
      "canThrow": false,
      "throwDistance": 1,
      "persuePlayer": false,
      "persueChance": 0,
      "throwRand": false,
      "teleportChance": 0,
      "expiditeActChance": 0,
      "delayActChance": 0,
      "trapDistance": 0,
      "captureDistance": 2.5
    },
    {
      "pos": [
        115,
        17,
        137
      ],
      "name": "Patrol_Red",
      "color": -65281,
      "type": "ENTITY_PATROL",
      "canProceed": false,
      "isDone": false,
      "completionTime": 0,
      "uuid": "fa4f44ea-a37a-4a0e-996d-5db13df720a1",
      "entityColor": "BLACK",
      "addArmor": false,
      "patrolType": "RED",
      "canThrow": false,
      "throwDistance": 1,
      "persuePlayer": false,
      "persueChance": 0,
      "throwRand": false,
      "teleportChance": 0,
      "expiditeActChance": 0,
      "delayActChance": 0,
      "trapDistance": 0,
      "captureDistance": 2.5
    },
    {
      "pos": [
        116,
        17,
        113
      ],
      "name": "Patrol_Blue",
      "color": -65281,
      "type": "ENTITY_PATROL",
      "canProceed": false,
      "isDone": false,
      "completionTime": 0,
      "uuid": "847dcbe3-1626-4172-9f36-601b4e177d09",
      "entityColor": "BLACK",
      "addArmor": false,
      "patrolType": "BLUE",
      "canThrow": false,
      "throwDistance": 1,
      "persuePlayer": false,
      "persueChance": 0,
      "throwRand": false,
      "teleportChance": 0,
      "expiditeActChance": 0,
      "delayActChance": 0,
      "trapDistance": 0,
      "captureDistance": 2.5
    },
    {
      "pos": [
        112,
        17,
        96
      ],
      "name": "Patrol_Blue",
      "color": -65281,
      "type": "ENTITY_PATROL",
      "canProceed": false,
      "isDone": false,
      "completionTime": 0,
      "uuid": "1c1c2ebc-8cfe-4ea7-a625-9828fe1b9c1a",
      "entityColor": "BLACK",
      "addArmor": false,
      "patrolType": "BLUE",
      "canThrow": false,
      "throwDistance": 1,
      "persuePlayer": false,
      "persueChance": 0,
      "throwRand": false,
      "teleportChance": 0,
      "expiditeActChance": 0,
      "delayActChance": 0,
      "trapDistance": 0,
      "captureDistance": 2.5
    },
    {
      "pos": [
        110,
        17,
        89
      ],
      "name": "Patrol_Blue",
      "color": -65281,
      "type": "ENTITY_PATROL",
      "canProceed": false,
      "isDone": false,
      "completionTime": 0,
      "uuid": "0537db2b-8e82-4934-a093-bc9c55526c9e",
      "entityColor": "BLACK",
      "addArmor": false,
      "patrolType": "BLUE",
      "canThrow": false,
      "throwDistance": 1,
      "persuePlayer": false,
      "persueChance": 0,
      "throwRand": false,
      "teleportChance": 0,
      "expiditeActChance": 0,
      "delayActChance": 0,
      "trapDistance": 0,
      "captureDistance": 2.5
    },
    {
      "pos": [
        112,
        17,
        91
      ],
      "name": "Patrol_Gray",
      "color": -65281,
      "type": "ENTITY_PATROL",
      "canProceed": false,
      "isDone": false,
      "completionTime": 0,
      "uuid": "ecc8b7f8-73f5-4554-8783-14a574395df5",
      "entityColor": "BLACK",
      "addArmor": false,
      "patrolType": "GRAY",
      "canThrow": false,
      "throwDistance": 1,
      "persuePlayer": false,
      "persueChance": 0,
      "throwRand": false,
      "teleportChance": 0,
      "expiditeActChance": 0,
      "delayActChance": 0,
      "trapDistance": 0,
      "captureDistance": 2.5
    },
    {
      "pos": [
        99,
        17,
        86
      ],
      "name": "Patrol_Gray",
      "color": -65281,
      "type": "ENTITY_PATROL",
      "canProceed": false,
      "isDone": false,
      "completionTime": 0,
      "uuid": "f36168b4-7aaf-4e2c-b1a6-a9bfd43d9657",
      "entityColor": "BLACK",
      "addArmor": false,
      "patrolType": "GRAY",
      "canThrow": false,
      "throwDistance": 1,
      "persuePlayer": false,
      "persueChance": 0,
      "throwRand": false,
      "teleportChance": 0,
      "expiditeActChance": 0,
      "delayActChance": 0,
      "trapDistance": 0,
      "captureDistance": 2.5
    },
    {
      "pos": [
        100,
        17,
        90
      ],
      "name": "dog",
      "color": -65281,
      "type": "ENTITY_DOG",
      "canProceed": false,
      "isDone": false,
      "completionTime": 0,
      "uuid": "f5195073-8a34-46fd-abdc-5d09b0349488",
      "entityColor": "BLACK",
      "addArmor": false,
      "distanceFromChest": 3,
      "isDiagonal": true
    },
    {
      "pos": [
        104,
        16,
        152
      ],
      "name": "Room_4",
      "color": -16711936,
      "type": "ROOM",
      "canProceed": false,
      "isDone": false,
      "completionTime": 0,
      "uuid": "9bcfc228-beed-4e5e-96fc-8982455cfcd0",
      "pos2": [
        127,
        23,
        175
      ],
      "blockFloorMeta": 0,
      "blockFloorName": "polycraft:expblock",
      "blockWallMeta": 0,
      "blockWallName": "polycraft:expblock",
      "blockWallMetaTwo": 0,
      "blockCeilMeta": 0,
      "blockCeilName": "minecraft:air",
      "blockRefMeta": 0,
      "blockRefName": "minecraft:grass",
      "spawnRefBlocks": false,
      "recycleRefSeed": true,
      "isChunkBased": true,
      "refSeed": -511836117,
      "refSpawnChance": 0.0,
      "intensity": 673,
      "useRandomMeta": false,
      "wallTexture": "T3",
      "wallColor": "T1",
      "floorTexture": "T4",
      "floorColor": "T0",
      "chunks": [
        {
          "pos": [
            15,
            2,
            19
          ],
          "wallConfiguration": [
            {
              "face": "east",
              "config": {
                "type": "EXTERNAL",
                "wallConfiguration": [],
                "defaultPath": {
                  "type": "BLUEPRINT",
                  "reversed": false,
                  "buttonLocation": "NONE",
                  "pressurePlaceLocation": "NONE",
                  "keyMetas": []
                }
              }
            },
            {
              "face": "west",
              "config": {
                "type": "INTERNAL",
                "wallConfiguration": [],
                "defaultPath": {
                  "type": "BLUEPRINT",
                  "reversed": false,
                  "buttonLocation": "NONE",
                  "pressurePlaceLocation": "NONE",
                  "keyMetas": []
                }
              }
            },
            {
              "face": "south",
              "config": {
                "type": "INTERNAL",
                "wallConfiguration": [],
                "defaultPath": {
                  "type": "BLUEPRINT",
                  "reversed": false,
                  "buttonLocation": "NONE",
                  "pressurePlaceLocation": "NONE",
                  "keyMetas": []
                }
              }
            },
            {
              "face": "north",
              "config": {
                "type": "EXTERNAL",
                "wallConfiguration": [],
                "defaultPath": {
                  "type": "BLUEPRINT",
                  "reversed": false,
                  "buttonLocation": "NONE",
                  "pressurePlaceLocation": "NONE",
                  "keyMetas": []
                }
              }
            }
          ],
          "roomID": 4
        },
        {
          "pos": [
            14,
            2,
            20
          ],
          "wallConfiguration": [
            {
              "face": "east",
              "config": {
                "type": "INTERNAL",
                "wallConfiguration": [],
                "defaultPath": {
                  "type": "BLUEPRINT",
                  "reversed": false,
                  "buttonLocation": "NONE",
                  "pressurePlaceLocation": "NONE",
                  "keyMetas": []
                }
              }
            },
            {
              "face": "west",
              "config": {
                "type": "INTERNAL",
                "wallConfiguration": [],
                "defaultPath": {
                  "type": "BLUEPRINT",
                  "reversed": false,
                  "buttonLocation": "NONE",
                  "pressurePlaceLocation": "NONE",
                  "keyMetas": []
                }
              }
            },
            {
              "face": "south",
              "config": {
                "type": "INTERNAL",
                "wallConfiguration": [],
                "defaultPath": {
                  "type": "BLUEPRINT",
                  "reversed": false,
                  "buttonLocation": "NONE",
                  "pressurePlaceLocation": "NONE",
                  "keyMetas": []
                }
              }
            },
            {
              "face": "north",
              "config": {
                "type": "INTERNAL",
                "wallConfiguration": [],
                "defaultPath": {
                  "type": "BLUEPRINT",
                  "reversed": false,
                  "buttonLocation": "NONE",
                  "pressurePlaceLocation": "NONE",
                  "keyMetas": []
                }
              }
            }
          ],
          "roomID": 4
        },
        {
          "pos": [
            13,
            2,
            21
          ],
          "wallConfiguration": [
            {
              "face": "east",
              "config": {
                "type": "INTERNAL",
                "wallConfiguration": [],
                "defaultPath": {
                  "type": "BLUEPRINT",
                  "reversed": false,
                  "buttonLocation": "NONE",
                  "pressurePlaceLocation": "NONE",
                  "keyMetas": []
                }
              }
            },
            {
              "face": "west",
              "config": {
                "type": "EXTERNAL",
                "wallConfiguration": [],
                "defaultPath": {
                  "type": "BLUEPRINT",
                  "reversed": false,
                  "buttonLocation": "NONE",
                  "pressurePlaceLocation": "NONE",
                  "keyMetas": []
                }
              }
            },
            {
              "face": "south",
              "config": {
                "type": "EXTERNAL",
                "wallConfiguration": [],
                "defaultPath": {
                  "type": "BLUEPRINT",
                  "reversed": false,
                  "buttonLocation": "NONE",
                  "pressurePlaceLocation": "NONE",
                  "keyMetas": []
                }
              }
            },
            {
              "face": "north",
              "config": {
                "type": "INTERNAL",
                "wallConfiguration": [],
                "defaultPath": {
                  "type": "BLUEPRINT",
                  "reversed": false,
                  "buttonLocation": "NONE",
                  "pressurePlaceLocation": "NONE",
                  "keyMetas": []
                }
              }
            }
          ],
          "roomID": 4
        },
        {
          "pos": [
            15,
            2,
            20
          ],
          "wallConfiguration": [
            {
              "face": "east",
              "config": {
                "type": "EXTERNAL",
                "wallConfiguration": [],
                "defaultPath": {
                  "type": "BLUEPRINT",
                  "reversed": false,
                  "buttonLocation": "NONE",
                  "pressurePlaceLocation": "NONE",
                  "keyMetas": []
                }
              }
            },
            {
              "face": "west",
              "config": {
                "type": "INTERNAL",
                "wallConfiguration": [],
                "defaultPath": {
                  "type": "BLUEPRINT",
                  "reversed": false,
                  "buttonLocation": "NONE",
                  "pressurePlaceLocation": "NONE",
                  "keyMetas": []
                }
              }
            },
            {
              "face": "south",
              "config": {
                "type": "INTERNAL",
                "wallConfiguration": [],
                "defaultPath": {
                  "type": "BLUEPRINT",
                  "reversed": false,
                  "buttonLocation": "NONE",
                  "pressurePlaceLocation": "NONE",
                  "keyMetas": []
                }
              }
            },
            {
              "face": "north",
              "config": {
                "type": "INTERNAL",
                "wallConfiguration": [],
                "defaultPath": {
                  "type": "BLUEPRINT",
                  "reversed": false,
                  "buttonLocation": "NONE",
                  "pressurePlaceLocation": "NONE",
                  "keyMetas": []
                }
              }
            }
          ],
          "roomID": 4
        },
        {
          "pos": [
            14,
            2,
            21
          ],
          "wallConfiguration": [
            {
              "face": "east",
              "config": {
                "type": "INTERNAL",
                "wallConfiguration": [],
                "defaultPath": {
                  "type": "BLUEPRINT",
                  "reversed": false,
                  "buttonLocation": "NONE",
                  "pressurePlaceLocation": "NONE",
                  "keyMetas": []
                }
              }
            },
            {
              "face": "west",
              "config": {
                "type": "INTERNAL",
                "wallConfiguration": [],
                "defaultPath": {
                  "type": "BLUEPRINT",
                  "reversed": false,
                  "buttonLocation": "NONE",
                  "pressurePlaceLocation": "NONE",
                  "keyMetas": []
                }
              }
            },
            {
              "face": "south",
              "config": {
                "type": "EXTERNAL",
                "wallConfiguration": [],
                "defaultPath": {
                  "type": "BLUEPRINT",
                  "reversed": false,
                  "buttonLocation": "NONE",
                  "pressurePlaceLocation": "NONE",
                  "keyMetas": []
                }
              }
            },
            {
              "face": "north",
              "config": {
                "type": "INTERNAL",
                "wallConfiguration": [],
                "defaultPath": {
                  "type": "BLUEPRINT",
                  "reversed": false,
                  "buttonLocation": "NONE",
                  "pressurePlaceLocation": "NONE",
                  "keyMetas": []
                }
              }
            }
          ],
          "roomID": 4
        },
        {
          "pos": [
            15,
            2,
            21
          ],
          "wallConfiguration": [
            {
              "face": "east",
              "config": {
                "type": "EXTERNAL",
                "wallConfiguration": [],
                "defaultPath": {
                  "type": "BLUEPRINT",
                  "reversed": false,
                  "buttonLocation": "NONE",
                  "pressurePlaceLocation": "NONE",
                  "keyMetas": []
                }
              }
            },
            {
              "face": "west",
              "config": {
                "type": "INTERNAL",
                "wallConfiguration": [],
                "defaultPath": {
                  "type": "BLUEPRINT",
                  "reversed": false,
                  "buttonLocation": "NONE",
                  "pressurePlaceLocation": "NONE",
                  "keyMetas": []
                }
              }
            },
            {
              "face": "south",
              "config": {
                "type": "EXTERNAL",
                "wallConfiguration": [],
                "defaultPath": {
                  "type": "BLUEPRINT",
                  "reversed": false,
                  "buttonLocation": "NONE",
                  "pressurePlaceLocation": "NONE",
                  "keyMetas": []
                }
              }
            },
            {
              "face": "north",
              "config": {
                "type": "INTERNAL",
                "wallConfiguration": [],
                "defaultPath": {
                  "type": "BLUEPRINT",
                  "reversed": false,
                  "buttonLocation": "NONE",
                  "pressurePlaceLocation": "NONE",
                  "keyMetas": []
                }
              }
            }
          ],
          "roomID": 4
        },
        {
          "pos": [
            13,
            2,
            19
          ],
          "wallConfiguration": [
            {
              "face": "east",
              "config": {
                "type": "INTERNAL",
                "wallConfiguration": [],
                "defaultPath": {
                  "type": "BLUEPRINT",
                  "reversed": false,
                  "buttonLocation": "NONE",
                  "pressurePlaceLocation": "NONE",
                  "keyMetas": []
                }
              }
            },
            {
              "face": "west",
              "config": {
                "type": "EXTERNAL",
                "wallConfiguration": [],
                "defaultPath": {
                  "type": "BLUEPRINT",
                  "reversed": false,
                  "buttonLocation": "NONE",
                  "pressurePlaceLocation": "NONE",
                  "keyMetas": []
                }
              }
            },
            {
              "face": "south",
              "config": {
                "type": "INTERNAL",
                "wallConfiguration": [],
                "defaultPath": {
                  "type": "BLUEPRINT",
                  "reversed": false,
                  "buttonLocation": "NONE",
                  "pressurePlaceLocation": "NONE",
                  "keyMetas": []
                }
              }
            },
            {
              "face": "north",
              "config": {
                "type": "ROOM_ADJACENT",
                "wallConfiguration": [
                  {
                    "slot": 4,
                    "config": {
                      "type": "OPEN",
                      "reversed": false,
                      "buttonLocation": "NONE",
                      "pressurePlaceLocation": "NONE",
                      "keyMetas": []
                    }
                  }
                ],
                "defaultPath": {
                  "type": "BLUEPRINT",
                  "reversed": false,
                  "buttonLocation": "NONE",
                  "pressurePlaceLocation": "NONE",
                  "keyMetas": []
                }
              }
            }
          ],
          "roomID": 4
        },
        {
          "pos": [
            14,
            2,
            19
          ],
          "wallConfiguration": [
            {
              "face": "east",
              "config": {
                "type": "INTERNAL",
                "wallConfiguration": [],
                "defaultPath": {
                  "type": "BLUEPRINT",
                  "reversed": false,
                  "buttonLocation": "NONE",
                  "pressurePlaceLocation": "NONE",
                  "keyMetas": []
                }
              }
            },
            {
              "face": "west",
              "config": {
                "type": "INTERNAL",
                "wallConfiguration": [],
                "defaultPath": {
                  "type": "BLUEPRINT",
                  "reversed": false,
                  "buttonLocation": "NONE",
                  "pressurePlaceLocation": "NONE",
                  "keyMetas": []
                }
              }
            },
            {
              "face": "south",
              "config": {
                "type": "INTERNAL",
                "wallConfiguration": [],
                "defaultPath": {
                  "type": "BLUEPRINT",
                  "reversed": false,
                  "buttonLocation": "NONE",
                  "pressurePlaceLocation": "NONE",
                  "keyMetas": []
                }
              }
            },
            {
              "face": "north",
              "config": {
                "type": "ROOM_ADJACENT",
                "wallConfiguration": [
                  {
                    "slot": 2,
                    "config": {
                      "type": "OPEN",
                      "reversed": false,
                      "buttonLocation": "NONE",
                      "pressurePlaceLocation": "NONE",
                      "keyMetas": []
                    }
                  }
                ],
                "defaultPath": {
                  "type": "BLUEPRINT",
                  "reversed": false,
                  "buttonLocation": "NONE",
                  "pressurePlaceLocation": "NONE",
                  "keyMetas": []
                }
              }
            }
          ],
          "roomID": 4
        },
        {
          "pos": [
            13,
            2,
            20
          ],
          "wallConfiguration": [
            {
              "face": "east",
              "config": {
                "type": "INTERNAL",
                "wallConfiguration": [],
                "defaultPath": {
                  "type": "BLUEPRINT",
                  "reversed": false,
                  "buttonLocation": "NONE",
                  "pressurePlaceLocation": "NONE",
                  "keyMetas": []
                }
              }
            },
            {
              "face": "west",
              "config": {
                "type": "EXTERNAL",
                "wallConfiguration": [],
                "defaultPath": {
                  "type": "BLUEPRINT",
                  "reversed": false,
                  "buttonLocation": "NONE",
                  "pressurePlaceLocation": "NONE",
                  "keyMetas": []
                }
              }
            },
            {
              "face": "south",
              "config": {
                "type": "INTERNAL",
                "wallConfiguration": [],
                "defaultPath": {
                  "type": "BLUEPRINT",
                  "reversed": false,
                  "buttonLocation": "NONE",
                  "pressurePlaceLocation": "NONE",
                  "keyMetas": []
                }
              }
            },
            {
              "face": "north",
              "config": {
                "type": "INTERNAL",
                "wallConfiguration": [],
                "defaultPath": {
                  "type": "BLUEPRINT",
                  "reversed": false,
                  "buttonLocation": "NONE",
                  "pressurePlaceLocation": "NONE",
                  "keyMetas": []
                }
              }
            }
          ],
          "roomID": 4
        }
      ],
      "tagList": [
        "rm_4",
        "locked_door"
      ],
      "canPlayerSpawn": false,
      "doors": []
    },
    {
      "pos": [
        104,
        16,
        128
      ],
      "name": "Room_3",
      "color": -16711936,
      "type": "ROOM",
      "canProceed": false,
      "isDone": false,
      "completionTime": 0,
      "uuid": "fd1a39d7-c7ab-48e7-82b7-e2a5a9e219fe",
      "pos2": [
        119,
        23,
        151
      ],
      "blockFloorMeta": 0,
      "blockFloorName": "polycraft:expblock",
      "blockWallMeta": 0,
      "blockWallName": "polycraft:expblock",
      "blockWallMetaTwo": 0,
      "blockCeilMeta": 0,
      "blockCeilName": "minecraft:air",
      "blockRefMeta": 0,
      "blockRefName": "minecraft:grass",
      "spawnRefBlocks": false,
      "recycleRefSeed": true,
      "isChunkBased": true,
      "refSeed": 1982479297,
      "refSpawnChance": 0.0,
      "intensity": 673,
      "useRandomMeta": false,
      "wallTexture": "T0",
      "wallColor": "T2",
      "floorTexture": "T4",
      "floorColor": "T1",
      "chunks": [
        {
          "pos": [
            13,
            2,
            16
          ],
          "wallConfiguration": [
            {
              "face": "east",
              "config": {
                "type": "INTERNAL",
                "wallConfiguration": [],
                "defaultPath": {
                  "type": "BLUEPRINT",
                  "reversed": false,
                  "buttonLocation": "NONE",
                  "pressurePlaceLocation": "NONE",
                  "keyMetas": []
                }
              }
            },
            {
              "face": "west",
              "config": {
                "type": "EXTERNAL",
                "wallConfiguration": [],
                "defaultPath": {
                  "type": "BLUEPRINT",
                  "reversed": false,
                  "buttonLocation": "NONE",
                  "pressurePlaceLocation": "NONE",
                  "keyMetas": []
                }
              }
            },
            {
              "face": "south",
              "config": {
                "type": "INTERNAL",
                "wallConfiguration": [],
                "defaultPath": {
                  "type": "BLUEPRINT",
                  "reversed": false,
                  "buttonLocation": "NONE",
                  "pressurePlaceLocation": "NONE",
                  "keyMetas": []
                }
              }
            },
            {
              "face": "north",
              "config": {
                "type": "EXTERNAL",
                "wallConfiguration": [],
                "defaultPath": {
                  "type": "BLUEPRINT",
                  "reversed": false,
                  "buttonLocation": "NONE",
                  "pressurePlaceLocation": "NONE",
                  "keyMetas": []
                }
              }
            }
          ],
          "roomID": 3
        },
        {
          "pos": [
            14,
            2,
            16
          ],
          "wallConfiguration": [
            {
              "face": "east",
              "config": {
                "type": "EXTERNAL",
                "wallConfiguration": [],
                "defaultPath": {
                  "type": "BLUEPRINT",
                  "reversed": false,
                  "buttonLocation": "NONE",
                  "pressurePlaceLocation": "NONE",
                  "keyMetas": []
                }
              }
            },
            {
              "face": "west",
              "config": {
                "type": "INTERNAL",
                "wallConfiguration": [],
                "defaultPath": {
                  "type": "BLUEPRINT",
                  "reversed": false,
                  "buttonLocation": "NONE",
                  "pressurePlaceLocation": "NONE",
                  "keyMetas": []
                }
              }
            },
            {
              "face": "south",
              "config": {
                "type": "INTERNAL",
                "wallConfiguration": [],
                "defaultPath": {
                  "type": "BLUEPRINT",
                  "reversed": false,
                  "buttonLocation": "NONE",
                  "pressurePlaceLocation": "NONE",
                  "keyMetas": []
                }
              }
            },
            {
              "face": "north",
              "config": {
                "type": "ROOM_ADJACENT",
                "wallConfiguration": [
                  {
                    "slot": 4,
                    "config": {
                      "type": "OPEN",
                      "reversed": false,
                      "buttonLocation": "NONE",
                      "pressurePlaceLocation": "NONE",
                      "keyMetas": []
                    }
                  }
                ],
                "defaultPath": {
                  "type": "BLUEPRINT",
                  "reversed": false,
                  "buttonLocation": "NONE",
                  "pressurePlaceLocation": "NONE",
                  "keyMetas": []
                }
              }
            }
          ],
          "roomID": 3
        },
        {
          "pos": [
            13,
            2,
            17
          ],
          "wallConfiguration": [
            {
              "face": "east",
              "config": {
                "type": "INTERNAL",
                "wallConfiguration": [],
                "defaultPath": {
                  "type": "BLUEPRINT",
                  "reversed": false,
                  "buttonLocation": "NONE",
                  "pressurePlaceLocation": "NONE",
                  "keyMetas": []
                }
              }
            },
            {
              "face": "west",
              "config": {
                "type": "EXTERNAL",
                "wallConfiguration": [],
                "defaultPath": {
                  "type": "BLUEPRINT",
                  "reversed": false,
                  "buttonLocation": "NONE",
                  "pressurePlaceLocation": "NONE",
                  "keyMetas": []
                }
              }
            },
            {
              "face": "south",
              "config": {
                "type": "INTERNAL",
                "wallConfiguration": [],
                "defaultPath": {
                  "type": "BLUEPRINT",
                  "reversed": false,
                  "buttonLocation": "NONE",
                  "pressurePlaceLocation": "NONE",
                  "keyMetas": []
                }
              }
            },
            {
              "face": "north",
              "config": {
                "type": "INTERNAL",
                "wallConfiguration": [],
                "defaultPath": {
                  "type": "BLUEPRINT",
                  "reversed": false,
                  "buttonLocation": "NONE",
                  "pressurePlaceLocation": "NONE",
                  "keyMetas": []
                }
              }
            }
          ],
          "roomID": 3
        },
        {
          "pos": [
            14,
            2,
            17
          ],
          "wallConfiguration": [
            {
              "face": "east",
              "config": {
                "type": "EXTERNAL",
                "wallConfiguration": [],
                "defaultPath": {
                  "type": "BLUEPRINT",
                  "reversed": false,
                  "buttonLocation": "NONE",
                  "pressurePlaceLocation": "NONE",
                  "keyMetas": []
                }
              }
            },
            {
              "face": "west",
              "config": {
                "type": "INTERNAL",
                "wallConfiguration": [],
                "defaultPath": {
                  "type": "BLUEPRINT",
                  "reversed": false,
                  "buttonLocation": "NONE",
                  "pressurePlaceLocation": "NONE",
                  "keyMetas": []
                }
              }
            },
            {
              "face": "south",
              "config": {
                "type": "INTERNAL",
                "wallConfiguration": [],
                "defaultPath": {
                  "type": "BLUEPRINT",
                  "reversed": false,
                  "buttonLocation": "NONE",
                  "pressurePlaceLocation": "NONE",
                  "keyMetas": []
                }
              }
            },
            {
              "face": "north",
              "config": {
                "type": "INTERNAL",
                "wallConfiguration": [],
                "defaultPath": {
                  "type": "BLUEPRINT",
                  "reversed": false,
                  "buttonLocation": "NONE",
                  "pressurePlaceLocation": "NONE",
                  "keyMetas": []
                }
              }
            }
          ],
          "roomID": 3
        },
        {
          "pos": [
            13,
            2,
            18
          ],
          "wallConfiguration": [
            {
              "face": "east",
              "config": {
                "type": "INTERNAL",
                "wallConfiguration": [],
                "defaultPath": {
                  "type": "BLUEPRINT",
                  "reversed": false,
                  "buttonLocation": "NONE",
                  "pressurePlaceLocation": "NONE",
                  "keyMetas": []
                }
              }
            },
            {
              "face": "west",
              "config": {
                "type": "EXTERNAL",
                "wallConfiguration": [],
                "defaultPath": {
                  "type": "BLUEPRINT",
                  "reversed": false,
                  "buttonLocation": "NONE",
                  "pressurePlaceLocation": "NONE",
                  "keyMetas": []
                }
              }
            },
            {
              "face": "south",
              "config": {
                "type": "ROOM_ADJACENT",
                "wallConfiguration": [
                  {
                    "slot": 4,
                    "config": {
                      "type": "DOOR_LOCKED",
                      "reversed": false,
                      "buttonLocation": "NONE",
                      "pressurePlaceLocation": "NONE",
                      "keyMetas": [
                        2,
                        4,
                        1
                      ]
                    }
                  }
                ],
                "defaultPath": {
                  "type": "BLUEPRINT",
                  "reversed": false,
                  "buttonLocation": "NONE",
                  "pressurePlaceLocation": "NONE",
                  "keyMetas": []
                }
              }
            },
            {
              "face": "north",
              "config": {
                "type": "INTERNAL",
                "wallConfiguration": [],
                "defaultPath": {
                  "type": "BLUEPRINT",
                  "reversed": false,
                  "buttonLocation": "NONE",
                  "pressurePlaceLocation": "NONE",
                  "keyMetas": []
                }
              }
            }
          ],
          "roomID": 3
        },
        {
          "pos": [
            14,
            2,
            18
          ],
          "wallConfiguration": [
            {
              "face": "east",
              "config": {
                "type": "EXTERNAL",
                "wallConfiguration": [],
                "defaultPath": {
                  "type": "BLUEPRINT",
                  "reversed": false,
                  "buttonLocation": "NONE",
                  "pressurePlaceLocation": "NONE",
                  "keyMetas": []
                }
              }
            },
            {
              "face": "west",
              "config": {
                "type": "INTERNAL",
                "wallConfiguration": [],
                "defaultPath": {
                  "type": "BLUEPRINT",
                  "reversed": false,
                  "buttonLocation": "NONE",
                  "pressurePlaceLocation": "NONE",
                  "keyMetas": []
                }
              }
            },
            {
              "face": "south",
              "config": {
                "type": "ROOM_ADJACENT",
                "wallConfiguration": [
                  {
                    "slot": 2,
                    "config": {
                      "type": "DOOR_LOCKED",
                      "reversed": false,
                      "buttonLocation": "NONE",
                      "pressurePlaceLocation": "NONE",
                      "keyMetas": [
                        2,
                        4,
                        1
                      ]
                    }
                  }
                ],
                "defaultPath": {
                  "type": "BLUEPRINT",
                  "reversed": false,
                  "buttonLocation": "NONE",
                  "pressurePlaceLocation": "NONE",
                  "keyMetas": []
                }
              }
            },
            {
              "face": "north",
              "config": {
                "type": "INTERNAL",
                "wallConfiguration": [],
                "defaultPath": {
                  "type": "BLUEPRINT",
                  "reversed": false,
                  "buttonLocation": "NONE",
                  "pressurePlaceLocation": "NONE",
                  "keyMetas": []
                }
              }
            }
          ],
          "roomID": 3
        }
      ],
      "tagList": [
        "rm_3"
      ],
      "canPlayerSpawn": false,
      "doors": []
    },
    {
      "pos": [
        112,
        16,
        104
      ],
      "name": "Room_2",
      "color": -16711936,
      "type": "ROOM",
      "canProceed": false,
      "isDone": false,
      "completionTime": 0,
      "uuid": "7787a252-a1e2-4ba3-94d0-6822b04b5e8e",
      "pos2": [
        127,
        23,
        127
      ],
      "blockFloorMeta": 0,
      "blockFloorName": "polycraft:expblock",
      "blockWallMeta": 0,
      "blockWallName": "polycraft:expblock",
      "blockWallMetaTwo": 0,
      "blockCeilMeta": 0,
      "blockCeilName": "minecraft:air",
      "blockRefMeta": 0,
      "blockRefName": "minecraft:grass",
      "spawnRefBlocks": false,
      "recycleRefSeed": true,
      "isChunkBased": true,
      "refSeed": 1994959778,
      "refSpawnChance": 0.0,
      "intensity": 673,
      "useRandomMeta": false,
      "wallTexture": "T1",
      "wallColor": "T0",
      "floorTexture": "T7",
      "floorColor": "T1",
      "chunks": [
        {
          "pos": [
            14,
            2,
            13
          ],
          "wallConfiguration": [
            {
              "face": "east",
              "config": {
                "type": "INTERNAL",
                "wallConfiguration": [],
                "defaultPath": {
                  "type": "BLUEPRINT",
                  "reversed": false,
                  "buttonLocation": "NONE",
                  "pressurePlaceLocation": "NONE",
                  "keyMetas": []
                }
              }
            },
            {
              "face": "west",
              "config": {
                "type": "EXTERNAL",
                "wallConfiguration": [],
                "defaultPath": {
                  "type": "BLUEPRINT",
                  "reversed": false,
                  "buttonLocation": "NONE",
                  "pressurePlaceLocation": "NONE",
                  "keyMetas": []
                }
              }
            },
            {
              "face": "south",
              "config": {
                "type": "INTERNAL",
                "wallConfiguration": [],
                "defaultPath": {
                  "type": "BLUEPRINT",
                  "reversed": false,
                  "buttonLocation": "NONE",
                  "pressurePlaceLocation": "NONE",
                  "keyMetas": []
                }
              }
            },
            {
              "face": "north",
              "config": {
                "type": "ROOM_ADJACENT",
                "wallConfiguration": [
                  {
                    "slot": 5,
                    "config": {
                      "type": "OPEN",
                      "reversed": false,
                      "buttonLocation": "NONE",
                      "pressurePlaceLocation": "NONE",
                      "keyMetas": []
                    }
                  }
                ],
                "defaultPath": {
                  "type": "BLUEPRINT",
                  "reversed": false,
                  "buttonLocation": "NONE",
                  "pressurePlaceLocation": "NONE",
                  "keyMetas": []
                }
              }
            }
          ],
          "roomID": 2
        },
        {
          "pos": [
            15,
            2,
            13
          ],
          "wallConfiguration": [
            {
              "face": "east",
              "config": {
                "type": "EXTERNAL",
                "wallConfiguration": [],
                "defaultPath": {
                  "type": "BLUEPRINT",
                  "reversed": false,
                  "buttonLocation": "NONE",
                  "pressurePlaceLocation": "NONE",
                  "keyMetas": []
                }
              }
            },
            {
              "face": "west",
              "config": {
                "type": "INTERNAL",
                "wallConfiguration": [],
                "defaultPath": {
                  "type": "BLUEPRINT",
                  "reversed": false,
                  "buttonLocation": "NONE",
                  "pressurePlaceLocation": "NONE",
                  "keyMetas": []
                }
              }
            },
            {
              "face": "south",
              "config": {
                "type": "INTERNAL",
                "wallConfiguration": [],
                "defaultPath": {
                  "type": "BLUEPRINT",
                  "reversed": false,
                  "buttonLocation": "NONE",
                  "pressurePlaceLocation": "NONE",
                  "keyMetas": []
                }
              }
            },
            {
              "face": "north",
              "config": {
                "type": "EXTERNAL",
                "wallConfiguration": [],
                "defaultPath": {
                  "type": "BLUEPRINT",
                  "reversed": false,
                  "buttonLocation": "NONE",
                  "pressurePlaceLocation": "NONE",
                  "keyMetas": []
                }
              }
            }
          ],
          "roomID": 2
        },
        {
          "pos": [
            14,
            2,
            14
          ],
          "wallConfiguration": [
            {
              "face": "east",
              "config": {
                "type": "INTERNAL",
                "wallConfiguration": [],
                "defaultPath": {
                  "type": "BLUEPRINT",
                  "reversed": false,
                  "buttonLocation": "NONE",
                  "pressurePlaceLocation": "NONE",
                  "keyMetas": []
                }
              }
            },
            {
              "face": "west",
              "config": {
                "type": "EXTERNAL",
                "wallConfiguration": [],
                "defaultPath": {
                  "type": "BLUEPRINT",
                  "reversed": false,
                  "buttonLocation": "NONE",
                  "pressurePlaceLocation": "NONE",
                  "keyMetas": []
                }
              }
            },
            {
              "face": "south",
              "config": {
                "type": "INTERNAL",
                "wallConfiguration": [],
                "defaultPath": {
                  "type": "BLUEPRINT",
                  "reversed": false,
                  "buttonLocation": "NONE",
                  "pressurePlaceLocation": "NONE",
                  "keyMetas": []
                }
              }
            },
            {
              "face": "north",
              "config": {
                "type": "INTERNAL",
                "wallConfiguration": [],
                "defaultPath": {
                  "type": "BLUEPRINT",
                  "reversed": false,
                  "buttonLocation": "NONE",
                  "pressurePlaceLocation": "NONE",
                  "keyMetas": []
                }
              }
            }
          ],
          "roomID": 2
        },
        {
          "pos": [
            15,
            2,
            14
          ],
          "wallConfiguration": [
            {
              "face": "east",
              "config": {
                "type": "EXTERNAL",
                "wallConfiguration": [],
                "defaultPath": {
                  "type": "BLUEPRINT",
                  "reversed": false,
                  "buttonLocation": "NONE",
                  "pressurePlaceLocation": "NONE",
                  "keyMetas": []
                }
              }
            },
            {
              "face": "west",
              "config": {
                "type": "INTERNAL",
                "wallConfiguration": [],
                "defaultPath": {
                  "type": "BLUEPRINT",
                  "reversed": false,
                  "buttonLocation": "NONE",
                  "pressurePlaceLocation": "NONE",
                  "keyMetas": []
                }
              }
            },
            {
              "face": "south",
              "config": {
                "type": "INTERNAL",
                "wallConfiguration": [],
                "defaultPath": {
                  "type": "BLUEPRINT",
                  "reversed": false,
                  "buttonLocation": "NONE",
                  "pressurePlaceLocation": "NONE",
                  "keyMetas": []
                }
              }
            },
            {
              "face": "north",
              "config": {
                "type": "INTERNAL",
                "wallConfiguration": [],
                "defaultPath": {
                  "type": "BLUEPRINT",
                  "reversed": false,
                  "buttonLocation": "NONE",
                  "pressurePlaceLocation": "NONE",
                  "keyMetas": []
                }
              }
            }
          ],
          "roomID": 2
        },
        {
          "pos": [
            14,
            2,
            15
          ],
          "wallConfiguration": [
            {
              "face": "east",
              "config": {
                "type": "INTERNAL",
                "wallConfiguration": [],
                "defaultPath": {
                  "type": "BLUEPRINT",
                  "reversed": false,
                  "buttonLocation": "NONE",
                  "pressurePlaceLocation": "NONE",
                  "keyMetas": []
                }
              }
            },
            {
              "face": "west",
              "config": {
                "type": "EXTERNAL",
                "wallConfiguration": [],
                "defaultPath": {
                  "type": "BLUEPRINT",
                  "reversed": false,
                  "buttonLocation": "NONE",
                  "pressurePlaceLocation": "NONE",
                  "keyMetas": []
                }
              }
            },
            {
              "face": "south",
              "config": {
                "type": "ROOM_ADJACENT",
                "wallConfiguration": [
                  {
                    "slot": 4,
                    "config": {
                      "type": "OPEN",
                      "reversed": false,
                      "buttonLocation": "NONE",
                      "pressurePlaceLocation": "NONE",
                      "keyMetas": []
                    }
                  }
                ],
                "defaultPath": {
                  "type": "BLUEPRINT",
                  "reversed": false,
                  "buttonLocation": "NONE",
                  "pressurePlaceLocation": "NONE",
                  "keyMetas": []
                }
              }
            },
            {
              "face": "north",
              "config": {
                "type": "INTERNAL",
                "wallConfiguration": [],
                "defaultPath": {
                  "type": "BLUEPRINT",
                  "reversed": false,
                  "buttonLocation": "NONE",
                  "pressurePlaceLocation": "NONE",
                  "keyMetas": []
                }
              }
            }
          ],
          "roomID": 2
        },
        {
          "pos": [
            15,
            2,
            15
          ],
          "wallConfiguration": [
            {
              "face": "east",
              "config": {
                "type": "EXTERNAL",
                "wallConfiguration": [],
                "defaultPath": {
                  "type": "BLUEPRINT",
                  "reversed": false,
                  "buttonLocation": "NONE",
                  "pressurePlaceLocation": "NONE",
                  "keyMetas": []
                }
              }
            },
            {
              "face": "west",
              "config": {
                "type": "INTERNAL",
                "wallConfiguration": [],
                "defaultPath": {
                  "type": "BLUEPRINT",
                  "reversed": false,
                  "buttonLocation": "NONE",
                  "pressurePlaceLocation": "NONE",
                  "keyMetas": []
                }
              }
            },
            {
              "face": "south",
              "config": {
                "type": "EXTERNAL",
                "wallConfiguration": [],
                "defaultPath": {
                  "type": "BLUEPRINT",
                  "reversed": false,
                  "buttonLocation": "NONE",
                  "pressurePlaceLocation": "NONE",
                  "keyMetas": []
                }
              }
            },
            {
              "face": "north",
              "config": {
                "type": "INTERNAL",
                "wallConfiguration": [],
                "defaultPath": {
                  "type": "BLUEPRINT",
                  "reversed": false,
                  "buttonLocation": "NONE",
                  "pressurePlaceLocation": "NONE",
                  "keyMetas": []
                }
              }
            }
          ],
          "roomID": 2
        }
      ],
      "tagList": [
        "rm_2"
      ],
      "canPlayerSpawn": false,
      "doors": []
    },
    {
      "pos": [
        96,
        16,
        80
      ],
      "name": "Room_1",
      "color": -16711936,
      "type": "ROOM",
      "canProceed": false,
      "isDone": false,
      "completionTime": 0,
      "uuid": "1a27c60c-8202-4f7e-9f25-846ad9790f84",
      "pos2": [
        119,
        23,
        103
      ],
      "blockFloorMeta": 0,
      "blockFloorName": "polycraft:expblock",
      "blockWallMeta": 0,
      "blockWallName": "polycraft:expblock",
      "blockWallMetaTwo": 0,
      "blockCeilMeta": 0,
      "blockCeilName": "minecraft:air",
      "blockRefMeta": 0,
      "blockRefName": "minecraft:grass",
      "spawnRefBlocks": false,
      "recycleRefSeed": true,
      "isChunkBased": true,
      "refSeed": -368517829,
      "refSpawnChance": 0.0,
      "intensity": 673,
      "useRandomMeta": false,
      "wallTexture": "T0",
      "wallColor": "T0",
      "floorTexture": "T6",
      "floorColor": "T1",
      "chunks": [
        {
          "pos": [
            12,
            2,
            10
          ],
          "wallConfiguration": [
            {
              "face": "east",
              "config": {
                "type": "INTERNAL",
                "wallConfiguration": [],
                "defaultPath": {
                  "type": "BLUEPRINT",
                  "reversed": false,
                  "buttonLocation": "NONE",
                  "pressurePlaceLocation": "NONE",
                  "keyMetas": []
                }
              }
            },
            {
              "face": "west",
              "config": {
                "type": "ROOM_ADJACENT",
                "wallConfiguration": [
                  {
                    "slot": 4,
                    "config": {
                      "type": "OPEN",
                      "reversed": false,
                      "buttonLocation": "NONE",
                      "pressurePlaceLocation": "NONE",
                      "keyMetas": []
                    }
                  }
                ],
                "defaultPath": {
                  "type": "BLUEPRINT",
                  "reversed": false,
                  "buttonLocation": "NONE",
                  "pressurePlaceLocation": "NONE",
                  "keyMetas": []
                }
              }
            },
            {
              "face": "south",
              "config": {
                "type": "INTERNAL",
                "wallConfiguration": [],
                "defaultPath": {
                  "type": "BLUEPRINT",
                  "reversed": false,
                  "buttonLocation": "NONE",
                  "pressurePlaceLocation": "NONE",
                  "keyMetas": []
                }
              }
            },
            {
              "face": "north",
              "config": {
                "type": "EXTERNAL",
                "wallConfiguration": [],
                "defaultPath": {
                  "type": "BLUEPRINT",
                  "reversed": false,
                  "buttonLocation": "NONE",
                  "pressurePlaceLocation": "NONE",
                  "keyMetas": []
                }
              }
            }
          ],
          "roomID": 1
        },
        {
          "pos": [
            13,
            2,
            10
          ],
          "wallConfiguration": [
            {
              "face": "east",
              "config": {
                "type": "INTERNAL",
                "wallConfiguration": [],
                "defaultPath": {
                  "type": "BLUEPRINT",
                  "reversed": false,
                  "buttonLocation": "NONE",
                  "pressurePlaceLocation": "NONE",
                  "keyMetas": []
                }
              }
            },
            {
              "face": "west",
              "config": {
                "type": "INTERNAL",
                "wallConfiguration": [],
                "defaultPath": {
                  "type": "BLUEPRINT",
                  "reversed": false,
                  "buttonLocation": "NONE",
                  "pressurePlaceLocation": "NONE",
                  "keyMetas": []
                }
              }
            },
            {
              "face": "south",
              "config": {
                "type": "INTERNAL",
                "wallConfiguration": [],
                "defaultPath": {
                  "type": "BLUEPRINT",
                  "reversed": false,
                  "buttonLocation": "NONE",
                  "pressurePlaceLocation": "NONE",
                  "keyMetas": []
                }
              }
            },
            {
              "face": "north",
              "config": {
                "type": "EXTERNAL",
                "wallConfiguration": [],
                "defaultPath": {
                  "type": "BLUEPRINT",
                  "reversed": false,
                  "buttonLocation": "NONE",
                  "pressurePlaceLocation": "NONE",
                  "keyMetas": []
                }
              }
            }
          ],
          "roomID": 1
        },
        {
          "pos": [
            12,
            2,
            11
          ],
          "wallConfiguration": [
            {
              "face": "east",
              "config": {
                "type": "INTERNAL",
                "wallConfiguration": [],
                "defaultPath": {
                  "type": "BLUEPRINT",
                  "reversed": false,
                  "buttonLocation": "NONE",
                  "pressurePlaceLocation": "NONE",
                  "keyMetas": []
                }
              }
            },
            {
              "face": "west",
              "config": {
                "type": "EXTERNAL",
                "wallConfiguration": [],
                "defaultPath": {
                  "type": "BLUEPRINT",
                  "reversed": false,
                  "buttonLocation": "NONE",
                  "pressurePlaceLocation": "NONE",
                  "keyMetas": []
                }
              }
            },
            {
              "face": "south",
              "config": {
                "type": "INTERNAL",
                "wallConfiguration": [],
                "defaultPath": {
                  "type": "BLUEPRINT",
                  "reversed": false,
                  "buttonLocation": "NONE",
                  "pressurePlaceLocation": "NONE",
                  "keyMetas": []
                }
              }
            },
            {
              "face": "north",
              "config": {
                "type": "INTERNAL",
                "wallConfiguration": [],
                "defaultPath": {
                  "type": "BLUEPRINT",
                  "reversed": false,
                  "buttonLocation": "NONE",
                  "pressurePlaceLocation": "NONE",
                  "keyMetas": []
                }
              }
            }
          ],
          "roomID": 1
        },
        {
          "pos": [
            14,
            2,
            10
          ],
          "wallConfiguration": [
            {
              "face": "east",
              "config": {
                "type": "EXTERNAL",
                "wallConfiguration": [],
                "defaultPath": {
                  "type": "BLUEPRINT",
                  "reversed": false,
                  "buttonLocation": "NONE",
                  "pressurePlaceLocation": "NONE",
                  "keyMetas": []
                }
              }
            },
            {
              "face": "west",
              "config": {
                "type": "INTERNAL",
                "wallConfiguration": [],
                "defaultPath": {
                  "type": "BLUEPRINT",
                  "reversed": false,
                  "buttonLocation": "NONE",
                  "pressurePlaceLocation": "NONE",
                  "keyMetas": []
                }
              }
            },
            {
              "face": "south",
              "config": {
                "type": "INTERNAL",
                "wallConfiguration": [],
                "defaultPath": {
                  "type": "BLUEPRINT",
                  "reversed": false,
                  "buttonLocation": "NONE",
                  "pressurePlaceLocation": "NONE",
                  "keyMetas": []
                }
              }
            },
            {
              "face": "north",
              "config": {
                "type": "EXTERNAL",
                "wallConfiguration": [],
                "defaultPath": {
                  "type": "BLUEPRINT",
                  "reversed": false,
                  "buttonLocation": "NONE",
                  "pressurePlaceLocation": "NONE",
                  "keyMetas": []
                }
              }
            }
          ],
          "roomID": 1
        },
        {
          "pos": [
            13,
            2,
            11
          ],
          "wallConfiguration": [
            {
              "face": "east",
              "config": {
                "type": "INTERNAL",
                "wallConfiguration": [],
                "defaultPath": {
                  "type": "BLUEPRINT",
                  "reversed": false,
                  "buttonLocation": "NONE",
                  "pressurePlaceLocation": "NONE",
                  "keyMetas": []
                }
              }
            },
            {
              "face": "west",
              "config": {
                "type": "INTERNAL",
                "wallConfiguration": [],
                "defaultPath": {
                  "type": "BLUEPRINT",
                  "reversed": false,
                  "buttonLocation": "NONE",
                  "pressurePlaceLocation": "NONE",
                  "keyMetas": []
                }
              }
            },
            {
              "face": "south",
              "config": {
                "type": "INTERNAL",
                "wallConfiguration": [],
                "defaultPath": {
                  "type": "BLUEPRINT",
                  "reversed": false,
                  "buttonLocation": "NONE",
                  "pressurePlaceLocation": "NONE",
                  "keyMetas": []
                }
              }
            },
            {
              "face": "north",
              "config": {
                "type": "INTERNAL",
                "wallConfiguration": [],
                "defaultPath": {
                  "type": "BLUEPRINT",
                  "reversed": false,
                  "buttonLocation": "NONE",
                  "pressurePlaceLocation": "NONE",
                  "keyMetas": []
                }
              }
            }
          ],
          "roomID": 1
        },
        {
          "pos": [
            12,
            2,
            12
          ],
          "wallConfiguration": [
            {
              "face": "east",
              "config": {
                "type": "INTERNAL",
                "wallConfiguration": [],
                "defaultPath": {
                  "type": "BLUEPRINT",
                  "reversed": false,
                  "buttonLocation": "NONE",
                  "pressurePlaceLocation": "NONE",
                  "keyMetas": []
                }
              }
            },
            {
              "face": "west",
              "config": {
                "type": "EXTERNAL",
                "wallConfiguration": [],
                "defaultPath": {
                  "type": "BLUEPRINT",
                  "reversed": false,
                  "buttonLocation": "NONE",
                  "pressurePlaceLocation": "NONE",
                  "keyMetas": []
                }
              }
            },
            {
              "face": "south",
              "config": {
                "type": "EXTERNAL",
                "wallConfiguration": [],
                "defaultPath": {
                  "type": "BLUEPRINT",
                  "reversed": false,
                  "buttonLocation": "NONE",
                  "pressurePlaceLocation": "NONE",
                  "keyMetas": []
                }
              }
            },
            {
              "face": "north",
              "config": {
                "type": "INTERNAL",
                "wallConfiguration": [],
                "defaultPath": {
                  "type": "BLUEPRINT",
                  "reversed": false,
                  "buttonLocation": "NONE",
                  "pressurePlaceLocation": "NONE",
                  "keyMetas": []
                }
              }
            }
          ],
          "roomID": 1
        },
        {
          "pos": [
            14,
            2,
            11
          ],
          "wallConfiguration": [
            {
              "face": "east",
              "config": {
                "type": "EXTERNAL",
                "wallConfiguration": [],
                "defaultPath": {
                  "type": "BLUEPRINT",
                  "reversed": false,
                  "buttonLocation": "NONE",
                  "pressurePlaceLocation": "NONE",
                  "keyMetas": []
                }
              }
            },
            {
              "face": "west",
              "config": {
                "type": "INTERNAL",
                "wallConfiguration": [],
                "defaultPath": {
                  "type": "BLUEPRINT",
                  "reversed": false,
                  "buttonLocation": "NONE",
                  "pressurePlaceLocation": "NONE",
                  "keyMetas": []
                }
              }
            },
            {
              "face": "south",
              "config": {
                "type": "INTERNAL",
                "wallConfiguration": [],
                "defaultPath": {
                  "type": "BLUEPRINT",
                  "reversed": false,
                  "buttonLocation": "NONE",
                  "pressurePlaceLocation": "NONE",
                  "keyMetas": []
                }
              }
            },
            {
              "face": "north",
              "config": {
                "type": "INTERNAL",
                "wallConfiguration": [],
                "defaultPath": {
                  "type": "BLUEPRINT",
                  "reversed": false,
                  "buttonLocation": "NONE",
                  "pressurePlaceLocation": "NONE",
                  "keyMetas": []
                }
              }
            }
          ],
          "roomID": 1
        },
        {
          "pos": [
            13,
            2,
            12
          ],
          "wallConfiguration": [
            {
              "face": "east",
              "config": {
                "type": "INTERNAL",
                "wallConfiguration": [],
                "defaultPath": {
                  "type": "BLUEPRINT",
                  "reversed": false,
                  "buttonLocation": "NONE",
                  "pressurePlaceLocation": "NONE",
                  "keyMetas": []
                }
              }
            },
            {
              "face": "west",
              "config": {
                "type": "INTERNAL",
                "wallConfiguration": [],
                "defaultPath": {
                  "type": "BLUEPRINT",
                  "reversed": false,
                  "buttonLocation": "NONE",
                  "pressurePlaceLocation": "NONE",
                  "keyMetas": []
                }
              }
            },
            {
              "face": "south",
              "config": {
                "type": "EXTERNAL",
                "wallConfiguration": [],
                "defaultPath": {
                  "type": "BLUEPRINT",
                  "reversed": false,
                  "buttonLocation": "NONE",
                  "pressurePlaceLocation": "NONE",
                  "keyMetas": []
                }
              }
            },
            {
              "face": "north",
              "config": {
                "type": "INTERNAL",
                "wallConfiguration": [],
                "defaultPath": {
                  "type": "BLUEPRINT",
                  "reversed": false,
                  "buttonLocation": "NONE",
                  "pressurePlaceLocation": "NONE",
                  "keyMetas": []
                }
              }
            }
          ],
          "roomID": 1
        },
        {
          "pos": [
            14,
            2,
            12
          ],
          "wallConfiguration": [
            {
              "face": "east",
              "config": {
                "type": "EXTERNAL",
                "wallConfiguration": [],
                "defaultPath": {
                  "type": "BLUEPRINT",
                  "reversed": false,
                  "buttonLocation": "NONE",
                  "pressurePlaceLocation": "NONE",
                  "keyMetas": []
                }
              }
            },
            {
              "face": "west",
              "config": {
                "type": "INTERNAL",
                "wallConfiguration": [],
                "defaultPath": {
                  "type": "BLUEPRINT",
                  "reversed": false,
                  "buttonLocation": "NONE",
                  "pressurePlaceLocation": "NONE",
                  "keyMetas": []
                }
              }
            },
            {
              "face": "south",
              "config": {
                "type": "ROOM_ADJACENT",
                "wallConfiguration": [
                  {
                    "slot": 5,
                    "config": {
                      "type": "OPEN",
                      "reversed": false,
                      "buttonLocation": "NONE",
                      "pressurePlaceLocation": "NONE",
                      "keyMetas": []
                    }
                  }
                ],
                "defaultPath": {
                  "type": "BLUEPRINT",
                  "reversed": false,
                  "buttonLocation": "NONE",
                  "pressurePlaceLocation": "NONE",
                  "keyMetas": []
                }
              }
            },
            {
              "face": "north",
              "config": {
                "type": "INTERNAL",
                "wallConfiguration": [],
                "defaultPath": {
                  "type": "BLUEPRINT",
                  "reversed": false,
                  "buttonLocation": "NONE",
                  "pressurePlaceLocation": "NONE",
                  "keyMetas": []
                }
              }
            }
          ],
          "roomID": 1
        }
      ],
      "tagList": [
        "rm_1"
      ],
      "canPlayerSpawn": true,
      "doors": []
    },
    {
      "pos": [
        88,
        16,
        80
      ],
      "name": "Room_0",
      "color": -16711936,
      "type": "ROOM",
      "canProceed": false,
      "isDone": false,
      "completionTime": 0,
      "uuid": "4bbe5931-bc68-4134-b944-89b977dc0b7d",
      "pos2": [
        95,
        23,
        87
      ],
      "blockFloorMeta": 0,
      "blockFloorName": "polycraft:expblock",
      "blockWallMeta": 0,
      "blockWallName": "polycraft:expblock",
      "blockWallMetaTwo": 0,
      "blockCeilMeta": 0,
      "blockCeilName": "minecraft:air",
      "blockRefMeta": 0,
      "blockRefName": "minecraft:grass",
      "spawnRefBlocks": false,
      "recycleRefSeed": true,
      "isChunkBased": true,
      "refSeed": -110837667,
      "refSpawnChance": 0.0,
      "intensity": 673,
      "useRandomMeta": false,
      "wallTexture": "T2",
      "wallColor": "T1",
      "floorTexture": "T6",
      "floorColor": "T3",
      "chunks": [
        {
          "pos": [
            11,
            2,
            10
          ],
          "wallConfiguration": [
            {
              "face": "east",
              "config": {
                "type": "ROOM_ADJACENT",
                "wallConfiguration": [
                  {
                    "slot": 4,
                    "config": {
                      "type": "OPEN",
                      "reversed": false,
                      "buttonLocation": "NONE",
                      "pressurePlaceLocation": "NONE",
                      "keyMetas": []
                    }
                  }
                ],
                "defaultPath": {
                  "type": "BLUEPRINT",
                  "reversed": false,
                  "buttonLocation": "NONE",
                  "pressurePlaceLocation": "NONE",
                  "keyMetas": []
                }
              }
            },
            {
              "face": "west",
              "config": {
                "type": "EXTERNAL",
                "wallConfiguration": [],
                "defaultPath": {
                  "type": "BLUEPRINT",
                  "reversed": false,
                  "buttonLocation": "NONE",
                  "pressurePlaceLocation": "NONE",
                  "keyMetas": []
                }
              }
            },
            {
              "face": "south",
              "config": {
                "type": "EXTERNAL",
                "wallConfiguration": [],
                "defaultPath": {
                  "type": "BLUEPRINT",
                  "reversed": false,
                  "buttonLocation": "NONE",
                  "pressurePlaceLocation": "NONE",
                  "keyMetas": []
                }
              }
            },
            {
              "face": "north",
              "config": {
                "type": "EXTERNAL",
                "wallConfiguration": [],
                "defaultPath": {
                  "type": "BLUEPRINT",
                  "reversed": false,
                  "buttonLocation": "NONE",
                  "pressurePlaceLocation": "NONE",
                  "keyMetas": []
                }
              }
            }
          ],
          "roomID": 0
        }
      ],
      "tagList": [
        "rm_0"
      ],
      "canPlayerSpawn": false,
      "doors": []
    },
    {
      "pos": [
        0,
        0,
        0
      ],
      "name": "SeedSpawn_1",
      "color": -256,
      "type": "SEED_SPAWN",
      "canProceed": false,
      "isDone": false,
      "completionTime": 0,
      "uuid": "f0bd9ae7-48f9-4fd0-921a-baaf98216ae1",
      "stepCount": 0
    },
    {
      "pos": [
        88,
        17,
        80
      ],
      "name": "map",
      "color": -256,
      "type": "DATA",
      "canProceed": true,
      "isDone": false,
      "completionTime": 0,
      "uuid": "3b0fe8ec-9874-4bd7-9422-f61f577328fc",
      "pos2": [
        127,
        18,
        175
      ],
      "data": " "
    },
    {
      "pos": [
        5,
        4,
        3
      ],
      "name": "Shader 12",
      "color": -16711936,
      "type": "SHADER",
      "canProceed": false,
      "isDone": false,
      "completionTime": 0,
      "uuid": "4ff16194-9889-43a6-8e40-9fa6e687f157",
      "shaderType": "NONE",
      "intensity": 0,
      "seed": 0,
      "boxStart": 0,
      "boxEnd": 0,
      "macguffinColor": -15579597
    },
    {
      "pos": [
        7,
        4,
        26
      ],
      "name": "dest",
      "color": -256,
      "type": "DATA",
      "canProceed": true,
      "isDone": false,
      "completionTime": 0,
      "uuid": "2c4be521-085f-4b95-b42a-1fe8b01e57bd",
      "pos2": [
        7,
        4,
        26
      ],
      "data": " "
    },
    {
      "pos": [
        1,
        4,
        17
      ],
      "name": "room sw",
      "color": -256,
      "type": "DATA",
      "canProceed": true,
      "isDone": false,
      "completionTime": 0,
      "uuid": "4c8eda00-82c5-4cdf-8116-b7e51380fecd",
      "pos2": [
        14,
        4,
        30
      ],
      "data": " "
    },
    {
      "pos": [
        1,
        4,
        1
      ],
      "name": "room 1",
      "color": -256,
      "type": "DATA",
      "canProceed": true,
      "isDone": false,
      "completionTime": 0,
      "uuid": "0ee2866d-5a0f-4ee8-b2cf-df8161c82f2c",
      "pos2": [
        14,
        4,
        14
      ],
      "data": " "
    },
    {
      "pos": [
        17,
        4,
        1
      ],
      "name": "room 2",
      "color": -256,
      "type": "DATA",
      "canProceed": true,
      "isDone": false,
      "completionTime": 0,
      "uuid": "c1b746ac-da67-4bdf-9a0b-537255a58307",
      "pos2": [
        30,
        4,
        14
      ],
      "data": " "
    },
    {
      "pos": [
        17,
        4,
        17
      ],
      "name": "room 3",
      "color": -256,
      "type": "DATA",
      "canProceed": true,
      "isDone": false,
      "completionTime": 0,
      "uuid": "6edf9eb4-87b7-478f-99b2-cc56bfcabbb9",
      "pos2": [
        30,
        4,
        30
      ],
      "data": " "
    },
    {
      "pos": [
        17,
        4,
        1
      ],
      "name": "World Builder 8",
      "color": -16711936,
      "type": "WORLDGEN",
      "canProceed": false,
      "isDone": false,
      "completionTime": 0,
      "uuid": "fdbf813a-3969-4f6d-8162-2640d615fccc",
      "pos2": [
        30,
        4,
        14
      ],
      "count": 30,
      "genType": "BLOCK_LIST",
      "blockList": [
        {
          "blockPos": [
            124,
            17,
            119
          ],
          "blockDef": {
            "blockName": "polycraft:macguffin",
            "blockMeta": 0
          }
        }
      ],
      "chestList": [
        {
          "blockPos": [
            107,
            17,
            135
          ],
          "chestDef": {
            "meta": 0,
            "containerType": "CHEST"
          }
        },
        {
          "blockPos": [
            93,
            17,
            84
          ],
          "chestDef": {
            "meta": 0,
            "containerType": "CHEST"
          }
        },
        {
          "blockPos": [
            107,
            17,
            137
          ],
          "chestDef": {
            "meta": 0,
            "containerType": "CHEST"
          }
        },
        {
          "blockPos": [
            110,
            17,
            133
          ],
          "chestDef": {
            "meta": 0,
            "containerType": "CHEST"
          }
        },
        {
          "blockPos": [
            109,
            17,
            139
          ],
          "chestDef": {
            "meta": 0,
            "containerType": "CHEST"
          }
        },
        {
          "blockPos": [
            113,
            17,
            135
          ],
          "chestDef": {
            "meta": 0,
            "containerType": "CHEST"
          }
        },
        {
          "blockPos": [
            111,
            17,
            86
          ],
          "chestDef": {
            "itemList": [
              {
                "slot": 0,
                "itemDef": {
                  "itemName": "polycraft:key",
                  "itemMeta": 1,
                  "count": 1
                }
              }
            ],
            "meta": 0,
            "containerType": "CHEST"
          }
        },
        {
          "blockPos": [
            121,
            17,
            110
          ],
          "chestDef": {
            "itemList": [
              {
                "slot": 0,
                "itemDef": {
                  "itemName": "polycraft:key",
                  "itemMeta": 2,
                  "count": 1
                }
              }
            ],
            "meta": 0,
            "containerType": "CHEST"
          }
        },
        {
          "blockPos": [
            109,
            17,
            92
          ],
          "chestDef": {
            "meta": 0,
            "containerType": "CHEST"
          }
        },
        {
          "blockPos": [
            108,
            17,
            96
          ],
          "chestDef": {
            "meta": 0,
            "containerType": "CHEST"
          }
        },
        {
          "blockPos": [
            116,
            17,
            122
          ],
          "chestDef": {
            "meta": 0,
            "containerType": "CHEST"
          }
        },
        {
          "blockPos": [
            91,
            17,
            85
          ],
          "chestDef": {
            "meta": 0,
            "containerType": "CHEST"
          }
        },
        {
          "blockPos": [
            120,
            17,
            120
          ],
          "chestDef": {
            "itemList": [
              {
                "slot": 0,
                "itemDef": {
                  "itemName": "polycraft:key",
                  "itemMeta": 4,
                  "count": 1
                }
              }
            ],
            "meta": 0,
            "containerType": "CHEST"
          }
        },
        {
          "blockPos": [
            115,
            17,
            93
          ],
          "chestDef": {
            "meta": 0,
            "containerType": "CHEST"
          }
        },
        {
          "blockPos": [
            107,
            17,
            132
          ],
          "chestDef": {
            "meta": 0,
            "containerType": "CHEST"
          }
        }
      ]
    },
    {
      "pos": [
        3,
        4,
        6
      ],
      "name": "Add Items 6",
      "color": -256,
      "type": "ADD_ITEMS",
      "canProceed": false,
      "isDone": false,
      "completionTime": 0,
      "uuid": "b6ae0b79-e683-4c8a-b33c-39659562c617"
    },
    {
      "pos": [
        124,
        17,
        154
      ],
      "name": "End Condition",
      "color": -256,
      "type": "END",
      "canProceed": true,
      "isDone": false,
      "completionTime": 0,
      "uuid": "db3e5cd8-6749-11ea-bc55-0242ac130003",
      "endCondition": "BLOCK_TO_LOCATION",
      "itemToAcquire": "",
      "blockToPlace": "polycraft:macguffin",
      "locationToReach": [
        124,
        17,
        154
      ],
      "endTime": 0.0,
      "endStepCost": 0.0,
      "isFinished": false,
      "blockName": "minecraft:lapis_block",
      "blockMeta": 0
    },
    {
      "pos": [
        15,
        1,
        15
      ],
      "name": "Guide 4",
      "color": -256,
      "type": "GUIDE",
      "canProceed": false,
      "isDone": false,
      "completionTime": 0,
      "uuid": "5d9adf72-ef99-4954-b0c3-fd52687b0d0b",
      "pos2": [
        15,
        1,
        15
      ]
    }
  ],
  "options": {
    "pos": [
      0,
      0,
      0
    ],
    "pos2": [
      31,
      9,
      31
    ],
    "name": "",
    "numTeams": 1,
    "teamSize": 1,
    "seed": 1848304293,
    "hideGui": false,
    "outputScreen": false,
    "distribution": "Uninformed"
  },
  "novelty_config": {
    "seed": 0,
    "templatePath": "../Novelty/input/hgv1_1.json",
    "novelties": [
      {
        "blockName": "polycraft:expblock",
        "blockMeta": 0,
        "type": "RoomGenTransform",
        "roomGenOrder": [
          0,
          1,
          2,
          3,
          4
        ],
        "roomGenOrderR": [
          1,
          1,
          1,
          1,
          1
        ],
        "linearRooms": true,
        "roomGenTransformType": "UPDATE_ROOMS",
        "roomTypes": [
          {
            "xMin": 1,
            "xMax": 1,
            "yMin": 1,
            "yMax": 1,
            "zMin": 1,
            "zMax": 1,
            "blockFloorName": "polycraft:expblock",
            "blockCeilName": "minecraft:air",
            "blockWallName": "polycraft:expblock",
            "blockRefName": "minecraft:grass",
            "canPlayerSpawn": false,
            "tagList": [
              "rm_0"
            ]
          },
          {
            "xMin": 2,
            "xMax": 3,
            "yMin": 1,
            "yMax": 1,
            "zMin": 2,
            "zMax": 3,
            "blockFloorName": "polycraft:expblock",
            "blockCeilName": "minecraft:air",
            "blockWallName": "polycraft:expblock",
            "blockRefName": "minecraft:grass",
            "canPlayerSpawn": true,
            "tagList": [
              "rm_1"
            ]
          },
          {
            "xMin": 2,
            "xMax": 3,
            "yMin": 1,
            "yMax": 1,
            "zMin": 2,
            "zMax": 3,
            "blockFloorName": "polycraft:expblock",
            "blockCeilName": "minecraft:air",
            "blockWallName": "polycraft:expblock",
            "blockRefName": "minecraft:grass",
            "canPlayerSpawn": false,
            "tagList": [
              "rm_2"
            ]
          },
          {
            "xMin": 2,
            "xMax": 3,
            "yMin": 1,
            "yMax": 1,
            "zMin": 2,
            "zMax": 3,
            "blockFloorName": "polycraft:expblock",
            "blockCeilName": "minecraft:air",
            "blockWallName": "polycraft:expblock",
            "blockRefName": "minecraft:grass",
            "canPlayerSpawn": false,
            "tagList": [
              "rm_3"
            ]
          },
          {
            "xMin": 2,
            "xMax": 3,
            "yMin": 1,
            "yMax": 1,
            "zMin": 2,
            "zMax": 3,
            "blockFloorName": "polycraft:expblock",
            "blockCeilName": "minecraft:air",
            "blockWallName": "polycraft:expblock",
            "blockRefName": "minecraft:grass",
            "canPlayerSpawn": false,
            "tagList": [
              "rm_4",
              "locked_door"
            ]
          }
        ]
      },
      {
        "type": "RoomWallTransform",
        "keyMetas": [
          1,
          2,
          4
        ],
        "maxDoors": 4,
        "transformType": "ADD_PATHS"
      },
      {
        "blockName": "minecraft:chest",
        "type": "WorldGenTransform",
        "transformType": "BLOCK_LOCATION",
        "countOffset": 2,
        "tagList": [
          "rm_0"
        ]
      },
      {
        "blockName": "minecraft:chest",
        "type": "WorldGenTransform",
        "transformType": "BLOCK_LOCATION",
        "overrideCount": true,
        "countMin": 10,
        "countMax": 15,
        "itemList": [
          {
            "itemName": "polycraft:key",
            "itemMeta": 1,
            "count": 1
          },
          {
            "itemName": "polycraft:key",
            "itemMeta": 2,
            "count": 1
          },
          {
            "itemName": "polycraft:key",
            "itemMeta": 4,
            "count": 1
          }
        ],
        "tagList": [
          "rm_1",
          "rm_2",
          "rm_3"
        ]
      },
      {
        "blockName": "polycraft:macguffin",
        "type": "WorldGenTransform",
        "transformType": "BLOCK_LOCATION",
        "tagList": [
          "rm_2"
        ]
      },
      {
        "blockName": "minecraft:lapis_block",
        "type": "TargetDestTransform",
        "transformType": "BLOCK_LOCATION",
        "tagList": [
          "rm_4"
        ]
      },
      {
        "type": "AddActorTransform",
        "transformType": "DOG_DIAGONAL",
        "tagList": [
          "rm_1"
        ]
      },
      {
        "type": "AddActorTransform",
        "transformType": "PATROL",
        "tagList": [
          "rm_1",
          "gray"
        ]
      },
      {
        "type": "AddActorTransform",
        "transformType": "PATROL",
        "tagList": [
          "rm_2",
          "red",
          "gray"
        ]
      },
      {
        "type": "AddActorTransform",
        "transformType": "PATROL",
        "tagList": [
          "rm_3",
          "red",
          "gray"
        ]
      },
      {
        "type": "AddActorTransform",
        "transformType": "PATROL",
        "tagList": [
          "rm_4",
          "red",
          "gray"
        ]
      }
    ],
    "seedOverride": 1848304293,
    "generatedTimeStamp": "2022-01-28 14:35:16.999"
  }
}