{
  "features": [
    {
      "pos": [
        3,
        4,
        6
      ],
      "name": "Start 0",
      "color": -16711681,
      "type": "START",
      "canProceed": false,
      "isDone": false,
      "completionTime": 0,
      "uuid": "960698f3-279a-4285-be39-06f4ed147820",
      "pos2": [
        3,
        4,
        6
      ],
      "lookDir": [
        0,
        270,
        0
      ],
      "dim": 0,
      "spawnedInServer": false,
      "spawnedInClient": false,
      "spawnRand": false
    },
    {
      "pos": [
        0,
        3,
        0
      ],
      "name": "Room 11",
      "color": -16711936,
      "type": "ROOM",
      "canProceed": false,
      "isDone": false,
      "completionTime": 0,
      "uuid": "f98ed78d-b998-430b-9deb-a54168771d0a",
      "pos2": [
        15,
        6,
        15
      ],
      "blockFloorMeta": 0,
      "blockFloorName": "polycraft:expblock",
      "blockWallMeta": 0,
      "blockWallName": "polycraft:expblock",
      "blockCeilMeta": 0,
      "blockCeilName": "minecraft:air",
      "blockRefMeta": 0,
      "blockRefName": "polycraft:expblock",
      "spawnRefBlocks": false,
      "recycleRefSeed": false,
      "refSeed": 0,
      "refSpawnChance": 0.05,
      "intensity": 100,
      "useRandomMeta": false,
      "wallTexture": "T2",
      "wallColor": "T2",
      "floorTexture": "T6",
      "floorColor": "T3"
    },
    {
      "pos": [
        16,
        3,
        0
      ],
      "name": "Room 12",
      "color": -16711936,
      "type": "ROOM",
      "canProceed": false,
      "isDone": false,
      "completionTime": 0,
      "uuid": "fcd1e5e3-db58-4cf5-a703-bad62460b306",
      "pos2": [
        31,
        6,
        15
      ],
      "blockFloorMeta": 0,
      "blockFloorName": "polycraft:expblock",
      "blockWallMeta": 0,
      "blockWallName": "polycraft:expblock",
      "blockCeilMeta": 0,
      "blockCeilName": "minecraft:air",
      "blockRefMeta": 0,
      "blockRefName": "polycraft:expblock",
      "spawnRefBlocks": false,
      "recycleRefSeed": false,
      "refSeed": 0,
      "refSpawnChance": 0.05,
      "intensity": 100,
      "useRandomMeta": false,
      "wallTexture": "T2",
      "wallColor": "T0",
      "floorTexture": "T4",
      "floorColor": "T3"
    },
    {
      "pos": [
        0,
        3,
        16
      ],
      "name": "Room 13",
      "color": -16711936,
      "type": "ROOM",
      "canProceed": false,
      "isDone": false,
      "completionTime": 0,
      "uuid": "01c8b831-515c-46b6-baaf-a534dd563800",
      "pos2": [
        15,
        6,
        31
      ],
      "blockFloorMeta": 0,
      "blockFloorName": "polycraft:expblock",
      "blockWallMeta": 0,
      "blockWallName": "polycraft:expblock",
      "blockCeilMeta": 0,
      "blockCeilName": "minecraft:air",
      "blockRefMeta": 0,
      "blockRefName": "polycraft:expblock",
      "spawnRefBlocks": false,
      "recycleRefSeed": false,
      "refSeed": 0,
      "refSpawnChance": 0.05,
      "intensity": 100,
      "useRandomMeta": false,
      "wallTexture": "T3",
      "wallColor": "T2",
      "floorTexture": "T7",
      "floorColor": "T0"
    },
    {
      "pos": [
        16,
        3,
        16
      ],
      "name": "Room 14",
      "color": -16711936,
      "type": "ROOM",
      "canProceed": false,
      "isDone": false,
      "completionTime": 0,
      "uuid": "04fd9a0f-c2b8-43b0-8e57-0993941e44f6",
      "pos2": [
        31,
        6,
        31
      ],
      "blockFloorMeta": 0,
      "blockFloorName": "polycraft:expblock",
      "blockWallMeta": 0,
      "blockWallName": "polycraft:expblock",
      "blockCeilMeta": 0,
      "blockCeilName": "minecraft:air",
      "blockRefMeta": 0,
      "blockRefName": "polycraft:expblock",
      "spawnRefBlocks": false,
      "recycleRefSeed": false,
      "refSeed": 0,
      "refSpawnChance": 0.05,
      "intensity": 100,
      "useRandomMeta": false,
      "wallTexture": "T3",
      "wallColor": "T0",
      "floorTexture": "T5",
      "floorColor": "T0"
    },
    {
      "pos": [
        0,
        4,
        0
      ],
      "name": "map",
      "color": -256,
      "type": "DATA",
      "canProceed": true,
      "isDone": false,
      "completionTime": 0,
      "uuid": "3b0fe8ec-9874-4bd7-9422-f61f577328fc",
      "pos2": [
        31,
        4,
        31
      ],
      "data": " "
    },
    {
      "pos": [
        5,
        4,
        3
      ],
      "name": "Shader 12",
      "color": -16711936,
      "type": "SHADER",
      "canProceed": false,
      "isDone": false,
      "completionTime": 0,
      "uuid": "4ff16194-9889-43a6-8e40-9fa6e687f157",
      "shaderType": "NONE",
      "intensity": 0,
      "seed": 0,
      "boxStart": 0,
      "boxEnd": 0,
      "macguffinColor": -15579597
    },
    {
      "pos": [
        2,
        4,
        19
      ],
      "name": "dest",
      "color": -256,
      "type": "DATA",
      "canProceed": true,
      "isDone": false,
      "completionTime": 0,
      "uuid": "2c4be521-085f-4b95-b42a-1fe8b01e57bd",
      "pos2": [
        2,
        4,
        19
      ],
      "data": " "
    },
    {
      "pos": [
        1,
        4,
        15
      ],
      "name": "Wall9",
      "color": -16711936,
      "type": "WALL",
      "canProceed": false,
      "isDone": false,
      "completionTime": 0,
      "uuid": "6f6f4268-fe6a-46d5-bb41-d236f210edb7",
      "pos2": [
        14,
        7,
        16
      ],
      "wallBlockName": "polycraft:expblock",
      "wallBlockMeta": 0,
      "secondaryWallBlockName": "polycraft:expblock",
      "secondaryWallBlockMeta": 0,
      "doorBlockName": "minecraft:air",
      "doorBlockMeta": 0,
      "buttonBlockName": "minecraft:wooden_button",
      "buttonBlockMeta": 0,
      "pressurePlateBlockName": "minecraft:wooden_pressure_plate",
      "pressurePlateBlockMeta": 0,
      "leverBlockName": "minecraft:lever",
      "leverBlockMeta": 0,
      "intensity": 100,
      "useRandomMeta": false,
      "wallConfiguration": [
        {
          "slot": 4,
          "config": {
            "type": "OPEN",
            "reversed": false,
            "buttonLocation": "NONE",
            "pressurePlaceLocation": "NONE"
          }
        },
        {
          "slot": 12,
          "config": {
            "type": "OPEN",
            "reversed": false,
            "buttonLocation": "NONE",
            "pressurePlaceLocation": "NONE"
          }
        },
        {
          "slot": 13,
          "config": {
            "type": "OPEN",
            "reversed": false,
            "buttonLocation": "NONE",
            "pressurePlaceLocation": "NONE"
          }
        }
      ]
    },
    {
      "pos": [
        15,
        4,
        1
      ],
      "name": "Wall10",
      "color": -16711936,
      "type": "WALL",
      "canProceed": false,
      "isDone": false,
      "completionTime": 0,
      "uuid": "11e088b1-4b64-40cd-89d2-84e0c863abf4",
      "pos2": [
        16,
        7,
        14
      ],
      "wallBlockName": "polycraft:expblock",
      "wallBlockMeta": 0,
      "secondaryWallBlockName": "polycraft:expblock",
      "secondaryWallBlockMeta": 0,
      "doorBlockName": "minecraft:air",
      "doorBlockMeta": 0,
      "buttonBlockName": "minecraft:wooden_button",
      "buttonBlockMeta": 0,
      "pressurePlateBlockName": "minecraft:wooden_pressure_plate",
      "pressurePlateBlockMeta": 0,
      "leverBlockName": "minecraft:lever",
      "leverBlockMeta": 0,
      "intensity": 100,
      "useRandomMeta": false,
      "wallConfiguration": [
        {
          "slot": 2,
          "config": {
            "type": "OPEN",
            "reversed": false,
            "buttonLocation": "NONE",
            "pressurePlaceLocation": "NONE"
          }
        },
        {
          "slot": 6,
          "config": {
            "type": "OPEN",
            "reversed": false,
            "buttonLocation": "NONE",
            "pressurePlaceLocation": "NONE"
          }
        },
        {
          "slot": 8,
          "config": {
            "type": "OPEN",
            "reversed": false,
            "buttonLocation": "NONE",
            "pressurePlaceLocation": "NONE"
          }
        },
        {
          "slot": 10,
          "config": {
            "type": "OPEN",
            "reversed": false,
            "buttonLocation": "NONE",
            "pressurePlaceLocation": "NONE"
          }
        },
        {
          "slot": 13,
          "config": {
            "type": "OPEN",
            "reversed": false,
            "buttonLocation": "NONE",
            "pressurePlaceLocation": "NONE"
          }
        }
      ]
    },
    {
      "pos": [
        15,
        4,
        17
      ],
      "name": "Wall 11",
      "color": -16711936,
      "type": "WALL",
      "canProceed": false,
      "isDone": false,
      "completionTime": 0,
      "uuid": "82c12920-4348-4c37-bc32-32b72c11dd66",
      "pos2": [
        16,
        7,
        30
      ],
      "wallBlockName": "polycraft:expblock",
      "wallBlockMeta": 0,
      "secondaryWallBlockName": "polycraft:expblock",
      "secondaryWallBlockMeta": 0,
      "doorBlockName": "minecraft:air",
      "doorBlockMeta": 0,
      "buttonBlockName": "minecraft:wooden_button",
      "buttonBlockMeta": 0,
      "pressurePlateBlockName": "minecraft:wooden_pressure_plate",
      "pressurePlateBlockMeta": 0,
      "leverBlockName": "minecraft:lever",
      "leverBlockMeta": 0,
      "intensity": 100,
      "useRandomMeta": false,
      "wallConfiguration": [
        {
          "slot": 3,
          "config": {
            "type": "OPEN",
            "reversed": false,
            "buttonLocation": "NONE",
            "pressurePlaceLocation": "NONE"
          }
        },
        {
          "slot": 4,
          "config": {
            "type": "OPEN",
            "reversed": false,
            "buttonLocation": "NONE",
            "pressurePlaceLocation": "NONE"
          }
        },
        {
          "slot": 7,
          "config": {
            "type": "OPEN",
            "reversed": false,
            "buttonLocation": "NONE",
            "pressurePlaceLocation": "NONE"
          }
        },
        {
          "slot": 8,
          "config": {
            "type": "OPEN",
            "reversed": false,
            "buttonLocation": "NONE",
            "pressurePlaceLocation": "NONE"
          }
        },
        {
          "slot": 10,
          "config": {
            "type": "OPEN",
            "reversed": false,
            "buttonLocation": "NONE",
            "pressurePlaceLocation": "NONE"
          }
        }
      ]
    },
    {
      "pos": [
        17,
        4,
        15
      ],
      "name": "Wall 12",
      "color": -16711936,
      "type": "WALL",
      "canProceed": false,
      "isDone": false,
      "completionTime": 0,
      "uuid": "e9bc288b-55d8-44a6-a03b-b9095b79deba",
      "pos2": [
        30,
        7,
        16
      ],
      "wallBlockName": "polycraft:expblock",
      "wallBlockMeta": 0,
      "secondaryWallBlockName": "polycraft:expblock",
      "secondaryWallBlockMeta": 0,
      "doorBlockName": "minecraft:air",
      "doorBlockMeta": 0,
      "buttonBlockName": "minecraft:wooden_button",
      "buttonBlockMeta": 0,
      "pressurePlateBlockName": "minecraft:wooden_pressure_plate",
      "pressurePlateBlockMeta": 0,
      "leverBlockName": "minecraft:lever",
      "leverBlockMeta": 0,
      "intensity": 100,
      "useRandomMeta": false,
      "wallConfiguration": [
        {
          "slot": 0,
          "config": {
            "type": "OPEN",
            "reversed": false,
            "buttonLocation": "NONE",
            "pressurePlaceLocation": "NONE"
          }
        },
        {
          "slot": 4,
          "config": {
            "type": "OPEN",
            "reversed": false,
            "buttonLocation": "NONE",
            "pressurePlaceLocation": "NONE"
          }
        },
        {
          "slot": 11,
          "config": {
            "type": "OPEN",
            "reversed": false,
            "buttonLocation": "NONE",
            "pressurePlaceLocation": "NONE"
          }
        },
        {
          "slot": 13,
          "config": {
            "type": "OPEN",
            "reversed": false,
            "buttonLocation": "NONE",
            "pressurePlaceLocation": "NONE"
          }
        }
      ]
    },
    {
      "pos": [
        1,
        4,
        17
      ],
      "name": "room sw",
      "color": -256,
      "type": "DATA",
      "canProceed": true,
      "isDone": false,
      "completionTime": 0,
      "uuid": "4c8eda00-82c5-4cdf-8116-b7e51380fecd",
      "pos2": [
        14,
        4,
        30
      ],
      "data": " "
    },
    {
      "pos": [
        1,
        4,
        1
      ],
      "name": "room 1",
      "color": -256,
      "type": "DATA",
      "canProceed": true,
      "isDone": false,
      "completionTime": 0,
      "uuid": "0ee2866d-5a0f-4ee8-b2cf-df8161c82f2c",
      "pos2": [
        14,
        4,
        14
      ],
      "data": " "
    },
    {
      "pos": [
        17,
        4,
        1
      ],
      "name": "room 2",
      "color": -256,
      "type": "DATA",
      "canProceed": true,
      "isDone": false,
      "completionTime": 0,
      "uuid": "c1b746ac-da67-4bdf-9a0b-537255a58307",
      "pos2": [
        30,
        4,
        14
      ],
      "data": " "
    },
    {
      "pos": [
        17,
        4,
        17
      ],
      "name": "room 3",
      "color": -256,
      "type": "DATA",
      "canProceed": true,
      "isDone": false,
      "completionTime": 0,
      "uuid": "6edf9eb4-87b7-478f-99b2-cc56bfcabbb9",
      "pos2": [
        30,
        4,
        30
      ],
      "data": " "
    },
    {
      "pos": [
        17,
        4,
        1
      ],
      "name": "World Builder 8",
      "color": -16711936,
      "type": "WORLDGEN",
      "canProceed": false,
      "isDone": false,
      "completionTime": 0,
      "uuid": "fdbf813a-3969-4f6d-8162-2640d615fccc",
      "pos2": [
        30,
        4,
        14
      ],
      "count": 30,
      "genType": "BLOCK_LIST",
      "blockList": [
        {
          "blockPos": [
            18,
            4,
            3
          ],
          "blockDef": {
            "blockName": "polycraft:macguffin",
            "blockMeta": 0
          }
        }
      ]
    },
    {
      "pos": [
        45,
        4,
        10
      ],
      "name": "render1",
      "color": -256,
      "type": "DATA",
      "canProceed": true,
      "isDone": false,
      "completionTime": 0,
      "uuid": "570e926d-4436-4ba4-8e5e-777be68cfcbb",
      "pos2": [
        50,
        64,
        15
      ],
      "data": "render"
    },
    {
      "pos": [
        41,
        4,
        36
      ],
      "name": "render2",
      "color": -256,
      "type": "DATA",
      "canProceed": true,
      "isDone": false,
      "completionTime": 0,
      "uuid": "c370f52d-e7e6-4ca1-a35f-7517346eb135",
      "pos2": [
        47,
        40,
        40
      ],
      "data": "render"
    },
    {
      "pos": [
        3,
        4,
        6
      ],
      "name": "Add Items 6",
      "color": -256,
      "type": "ADD_ITEMS",
      "canProceed": false,
      "isDone": false,
      "completionTime": 0,
      "uuid": "b6ae0b79-e683-4c8a-b33c-39659562c617"
    },
    {
      "pos": [
        0,
        4,
        9
      ],
      "name": "wall at x9",
      "color": -16711936,
      "type": "WALL",
      "canProceed": false,
      "isDone": false,
      "completionTime": 0,
      "uuid": "f1b0359d-d7a4-4bf1-ae47-41fb186e264f",
      "pos2": [
        30,
        6,
        9
      ],
      "wallBlockName": "minecraft:glass",
      "wallBlockMeta": 0,
      "secondaryWallBlockMeta": 0,
      "doorBlockName": "minecraft:wooden_door",
      "doorBlockMeta": 0,
      "buttonBlockName": "minecraft:wooden_button",
      "buttonBlockMeta": 0,
      "pressurePlateBlockName": "minecraft:wooden_pressure_plate",
      "pressurePlateBlockMeta": 0,
      "leverBlockName": "minecraft:lever",
      "leverBlockMeta": 0,
      "intensity": 0,
      "useRandomMeta": false,
      "wallConfiguration": []
    },
    {
      "pos": [
        2,
        4,
        19
      ],
      "name": "End Condition",
      "color": -256,
      "type": "END",
      "canProceed": true,
      "isDone": false,
      "completionTime": 0,
      "uuid": "db3e5cd8-6749-11ea-bc55-0242ac130003",
      "endCondition": "BLOCK_TO_LOCATION",
      "itemToAcquire": "",
      "blockToPlace": "polycraft:macguffin",
      "locationToReach": [
        2,
        4,
        19
      ],
      "endTime": 0.0,
      "endStepCost": 0.0,
      "isFinished": false,
      "blockName": "minecraft:lapis_block",
      "blockMeta": 0
    },
    {
      "pos": [
        15,
        1,
        15
      ],
      "name": "Guide 4",
      "color": -256,
      "type": "GUIDE",
      "canProceed": false,
      "isDone": false,
      "completionTime": 0,
      "uuid": "5d9adf72-ef99-4954-b0c3-fd52687b0d0b",
      "pos2": [
        15,
        1,
        15
      ]
    }
  ],
  "options": {
    "pos": [
      0,
      0,
      0
    ],
    "pos2": [
      31,
      9,
      31
    ],
    "name": "",
    "numTeams": 1,
    "teamSize": 1,
    "seed": -671362812,
    "hideGui": false,
    "outputScreen": false,
    "distribution": "Uninformed"
  },
  "novelty_config": {
    "seed": 0,
    "templatePath": "../Novelty/input/hgv1_1.json",
    "novelties": [
      {
        "blockName": "polycraft:macguffin",
        "type": "WorldGenTransform",
        "seedOverride": -1,
        "intensity": 20,
        "transformType": "BLOCK_LOCATION"
      },
      {
        "blockName": "minecraft:lapis_block",
        "type": "TargetDestTransform",
        "seedOverride": -1,
        "intensity": 20,
        "transformType": "BLOCK_LOCATION"
      },
      {
        "blockName": "minecraft:air",
        "type": "WallTransform",
        "seedOverride": -1,
        "intensity": 20,
        "transformType": "REDUCE_MOVE_PATHS"
      },
      {
        "blockName": "polycraft:expblock",
        "blockMeta": 0,
        "type": "RoomTransform",
        "seedOverride": -1,
        "intensity": 20,
        "roomTransformType": "WALL_FLOOR_SET"
      },
      {
        "blockName": "minecraft:glass",
        "blockMeta": 0,
        "type": "AddWallTransform",
        "seedOverride": -1,
        "intensity": 20
      }
    ],
    "seedOverride": -671362812,
    "generatedTimeStamp": "2020-12-04 11:07:40.446"
  }
}