{
  "features": [
    {
      "pos": [
        91,
        17,
        98
      ],
      "name": "Start 0",
      "color": -16711681,
      "type": "START",
      "canProceed": false,
      "isDone": false,
      "completionTime": 0,
      "uuid": "960698f3-279a-4285-be39-06f4ed147820",
      "pos2": [
        3,
        4,
        6
      ],
      "lookDir": [
        0,
        270,
        0
      ],
      "dim": 0,
      "spawnedInServer": false,
      "spawnedInClient": false,
      "spawnRand": false
    },
    {
      "pos": [
        148,
        17,
        99
      ],
      "name": "Patrol_Gray",
      "color": -65281,
      "type": "ENTITY_PATROL",
      "canProceed": false,
      "isDone": false,
      "completionTime": 0,
      "uuid": "3596299e-281f-4c87-8d5b-1ca8bb466eb0",
      "entityColor": "BLACK",
      "addArmor": false,
      "patrolType": "GRAY",
      "canThrow": false,
      "throwDistance": 1,
      "persuePlayer": false,
      "persueChance": 0,
      "throwRand": false,
      "teleportChance": 0,
      "expiditeActChance": 0,
      "delayActChance": 0,
      "trapDistance": 0,
      "captureDistance": 2.5
    },
    {
      "pos": [
        149,
        17,
        106
      ],
      "name": "Patrol_Gray",
      "color": -65281,
      "type": "ENTITY_PATROL",
      "canProceed": false,
      "isDone": false,
      "completionTime": 0,
      "uuid": "92d3b26f-6155-4db6-9268-eda7845f74b3",
      "entityColor": "BLACK",
      "addArmor": false,
      "patrolType": "GRAY",
      "canThrow": false,
      "throwDistance": 1,
      "persuePlayer": false,
      "persueChance": 0,
      "throwRand": false,
      "teleportChance": 0,
      "expiditeActChance": 0,
      "delayActChance": 0,
      "trapDistance": 0,
      "captureDistance": 2.5
    },
    {
      "pos": [
        152,
        17,
        107
      ],
      "name": "Patrol_Blue",
      "color": -65281,
      "type": "ENTITY_PATROL",
      "canProceed": false,
      "isDone": false,
      "completionTime": 0,
      "uuid": "6388a3f2-75b3-435d-8b74-66d5d65aec23",
      "entityColor": "BLACK",
      "addArmor": false,
      "patrolType": "BLUE",
      "canThrow": false,
      "throwDistance": 1,
      "persuePlayer": false,
      "persueChance": 0,
      "throwRand": false,
      "teleportChance": 0,
      "expiditeActChance": 0,
      "delayActChance": 0,
      "trapDistance": 0,
      "captureDistance": 2.5
    },
    {
      "pos": [
        150,
        17,
        102
      ],
      "name": "Patrol_Gray",
      "color": -65281,
      "type": "ENTITY_PATROL",
      "canProceed": false,
      "isDone": false,
      "completionTime": 0,
      "uuid": "2cb169fd-e891-42d3-b833-d1afa023077b",
      "entityColor": "BLACK",
      "addArmor": false,
      "patrolType": "GRAY",
      "canThrow": false,
      "throwDistance": 1,
      "persuePlayer": false,
      "persueChance": 0,
      "throwRand": false,
      "teleportChance": 0,
      "expiditeActChance": 0,
      "delayActChance": 0,
      "trapDistance": 0,
      "captureDistance": 2.5
    },
    {
      "pos": [
        152,
        17,
        105
      ],
      "name": "Patrol_Gray",
      "color": -65281,
      "type": "ENTITY_PATROL",
      "canProceed": false,
      "isDone": false,
      "completionTime": 0,
      "uuid": "e72655b4-3e8e-4149-a010-2ba2e894080c",
      "entityColor": "BLACK",
      "addArmor": false,
      "patrolType": "GRAY",
      "canThrow": false,
      "throwDistance": 1,
      "persuePlayer": false,
      "persueChance": 0,
      "throwRand": false,
      "teleportChance": 0,
      "expiditeActChance": 0,
      "delayActChance": 0,
      "trapDistance": 0,
      "captureDistance": 2.5
    },
    {
      "pos": [
        147,
        17,
        104
      ],
      "name": "Patrol_Blue",
      "color": -65281,
      "type": "ENTITY_PATROL",
      "canProceed": false,
      "isDone": false,
      "completionTime": 0,
      "uuid": "f9ff83ea-382b-4fa0-b528-992c5c25f241",
      "entityColor": "BLACK",
      "addArmor": false,
      "patrolType": "BLUE",
      "canThrow": false,
      "throwDistance": 1,
      "persuePlayer": false,
      "persueChance": 0,
      "throwRand": false,
      "teleportChance": 0,
      "expiditeActChance": 0,
      "delayActChance": 0,
      "trapDistance": 0,
      "captureDistance": 2.5
    },
    {
      "pos": [
        156,
        17,
        82
      ],
      "name": "Patrol_Gray",
      "color": -65281,
      "type": "ENTITY_PATROL",
      "canProceed": false,
      "isDone": false,
      "completionTime": 0,
      "uuid": "6146e4c5-dcdb-46f0-910d-7842174f4de2",
      "entityColor": "BLACK",
      "addArmor": false,
      "patrolType": "GRAY",
      "canThrow": false,
      "throwDistance": 1,
      "persuePlayer": false,
      "persueChance": 0,
      "throwRand": false,
      "teleportChance": 0,
      "expiditeActChance": 0,
      "delayActChance": 0,
      "trapDistance": 0,
      "captureDistance": 2.5
    },
    {
      "pos": [
        150,
        17,
        85
      ],
      "name": "Patrol_Gray",
      "color": -65281,
      "type": "ENTITY_PATROL",
      "canProceed": false,
      "isDone": false,
      "completionTime": 0,
      "uuid": "20bffb42-81a3-46e9-9b1a-48600d9a378d",
      "entityColor": "BLACK",
      "addArmor": false,
      "patrolType": "GRAY",
      "canThrow": false,
      "throwDistance": 1,
      "persuePlayer": false,
      "persueChance": 0,
      "throwRand": false,
      "teleportChance": 0,
      "expiditeActChance": 0,
      "delayActChance": 0,
      "trapDistance": 0,
      "captureDistance": 2.5
    },
    {
      "pos": [
        140,
        17,
        90
      ],
      "name": "Patrol_Blue",
      "color": -65281,
      "type": "ENTITY_PATROL",
      "canProceed": false,
      "isDone": false,
      "completionTime": 0,
      "uuid": "60af6c78-8c6f-4957-a95e-4ea4dbe6c0f1",
      "entityColor": "BLACK",
      "addArmor": false,
      "patrolType": "BLUE",
      "canThrow": false,
      "throwDistance": 1,
      "persuePlayer": false,
      "persueChance": 0,
      "throwRand": false,
      "teleportChance": 0,
      "expiditeActChance": 0,
      "delayActChance": 0,
      "trapDistance": 0,
      "captureDistance": 2.5
    },
    {
      "pos": [
        144,
        17,
        75
      ],
      "name": "Patrol_Gray",
      "color": -65281,
      "type": "ENTITY_PATROL",
      "canProceed": false,
      "isDone": false,
      "completionTime": 0,
      "uuid": "f59f30cd-5814-4cfc-8eaa-08cb16792899",
      "entityColor": "BLACK",
      "addArmor": false,
      "patrolType": "GRAY",
      "canThrow": false,
      "throwDistance": 1,
      "persuePlayer": false,
      "persueChance": 0,
      "throwRand": false,
      "teleportChance": 0,
      "expiditeActChance": 0,
      "delayActChance": 0,
      "trapDistance": 0,
      "captureDistance": 2.5
    },
    {
      "pos": [
        141,
        17,
        91
      ],
      "name": "Patrol_Gray",
      "color": -65281,
      "type": "ENTITY_PATROL",
      "canProceed": false,
      "isDone": false,
      "completionTime": 0,
      "uuid": "06b370b6-c680-44c1-a29c-c048fe8e2c5c",
      "entityColor": "BLACK",
      "addArmor": false,
      "patrolType": "GRAY",
      "canThrow": false,
      "throwDistance": 1,
      "persuePlayer": false,
      "persueChance": 0,
      "throwRand": false,
      "teleportChance": 0,
      "expiditeActChance": 0,
      "delayActChance": 0,
      "trapDistance": 0,
      "captureDistance": 2.5
    },
    {
      "pos": [
        125,
        17,
        84
      ],
      "name": "Patrol_Gray",
      "color": -65281,
      "type": "ENTITY_PATROL",
      "canProceed": false,
      "isDone": false,
      "completionTime": 0,
      "uuid": "a4bc2483-a92d-42a6-bdd8-c99cd2f37729",
      "entityColor": "BLACK",
      "addArmor": false,
      "patrolType": "GRAY",
      "canThrow": false,
      "throwDistance": 1,
      "persuePlayer": false,
      "persueChance": 0,
      "throwRand": false,
      "teleportChance": 0,
      "expiditeActChance": 0,
      "delayActChance": 0,
      "trapDistance": 0,
      "captureDistance": 2.5
    },
    {
      "pos": [
        121,
        17,
        82
      ],
      "name": "Patrol_Blue",
      "color": -65281,
      "type": "ENTITY_PATROL",
      "canProceed": false,
      "isDone": false,
      "completionTime": 0,
      "uuid": "5d9ce715-19e6-48eb-a445-4ca75e6b2154",
      "entityColor": "BLACK",
      "addArmor": false,
      "patrolType": "BLUE",
      "canThrow": false,
      "throwDistance": 1,
      "persuePlayer": false,
      "persueChance": 0,
      "throwRand": false,
      "teleportChance": 0,
      "expiditeActChance": 0,
      "delayActChance": 0,
      "trapDistance": 0,
      "captureDistance": 2.5
    },
    {
      "pos": [
        125,
        17,
        90
      ],
      "name": "Patrol_Gray",
      "color": -65281,
      "type": "ENTITY_PATROL",
      "canProceed": false,
      "isDone": false,
      "completionTime": 0,
      "uuid": "c7ad7894-ea87-43ea-811d-f1eae2ad7349",
      "entityColor": "BLACK",
      "addArmor": false,
      "patrolType": "GRAY",
      "canThrow": false,
      "throwDistance": 1,
      "persuePlayer": false,
      "persueChance": 0,
      "throwRand": false,
      "teleportChance": 0,
      "expiditeActChance": 0,
      "delayActChance": 0,
      "trapDistance": 0,
      "captureDistance": 2.5
    },
    {
      "pos": [
        128,
        17,
        92
      ],
      "name": "Patrol_Gray",
      "color": -65281,
      "type": "ENTITY_PATROL",
      "canProceed": false,
      "isDone": false,
      "completionTime": 0,
      "uuid": "c51abf61-4c03-4c94-a8f2-03134ec268ed",
      "entityColor": "BLACK",
      "addArmor": false,
      "patrolType": "GRAY",
      "canThrow": false,
      "throwDistance": 1,
      "persuePlayer": false,
      "persueChance": 0,
      "throwRand": false,
      "teleportChance": 0,
      "expiditeActChance": 0,
      "delayActChance": 0,
      "trapDistance": 0,
      "captureDistance": 2.5
    },
    {
      "pos": [
        121,
        17,
        89
      ],
      "name": "Patrol_Blue",
      "color": -65281,
      "type": "ENTITY_PATROL",
      "canProceed": false,
      "isDone": false,
      "completionTime": 0,
      "uuid": "c8378a0d-5f24-4425-9ce6-5efdf40989dd",
      "entityColor": "BLACK",
      "addArmor": false,
      "patrolType": "BLUE",
      "canThrow": false,
      "throwDistance": 1,
      "persuePlayer": false,
      "persueChance": 0,
      "throwRand": false,
      "teleportChance": 0,
      "expiditeActChance": 0,
      "delayActChance": 0,
      "trapDistance": 0,
      "captureDistance": 2.5
    },
    {
      "pos": [
        116,
        17,
        82
      ],
      "name": "Patrol_Gray",
      "color": -65281,
      "type": "ENTITY_PATROL",
      "canProceed": false,
      "isDone": false,
      "completionTime": 0,
      "uuid": "23738c2b-2624-4c0d-9574-ad69f48443d0",
      "entityColor": "BLACK",
      "addArmor": false,
      "patrolType": "GRAY",
      "canThrow": false,
      "throwDistance": 1,
      "persuePlayer": false,
      "persueChance": 0,
      "throwRand": false,
      "teleportChance": 0,
      "expiditeActChance": 0,
      "delayActChance": 0,
      "trapDistance": 0,
      "captureDistance": 2.5
    },
    {
      "pos": [
        105,
        17,
        94
      ],
      "name": "Patrol_Blue",
      "color": -65281,
      "type": "ENTITY_PATROL",
      "canProceed": false,
      "isDone": false,
      "completionTime": 0,
      "uuid": "c0743bea-cd7b-485a-985e-196a67e5c427",
      "entityColor": "BLACK",
      "addArmor": false,
      "patrolType": "BLUE",
      "canThrow": false,
      "throwDistance": 1,
      "persuePlayer": false,
      "persueChance": 0,
      "throwRand": false,
      "teleportChance": 0,
      "expiditeActChance": 0,
      "delayActChance": 0,
      "trapDistance": 0,
      "captureDistance": 2.5
    },
    {
      "pos": [
        92,
        17,
        91
      ],
      "name": "Patrol_Gray",
      "color": -65281,
      "type": "ENTITY_PATROL",
      "canProceed": false,
      "isDone": false,
      "completionTime": 0,
      "uuid": "7b86eff3-46fb-4272-9a1b-2560607eafc3",
      "entityColor": "BLACK",
      "addArmor": false,
      "patrolType": "GRAY",
      "canThrow": false,
      "throwDistance": 1,
      "persuePlayer": false,
      "persueChance": 0,
      "throwRand": false,
      "teleportChance": 0,
      "expiditeActChance": 0,
      "delayActChance": 0,
      "trapDistance": 0,
      "captureDistance": 2.5
    },
    {
      "pos": [
        108,
        17,
        100
      ],
      "name": "Patrol_Gray",
      "color": -65281,
      "type": "ENTITY_PATROL",
      "canProceed": false,
      "isDone": false,
      "completionTime": 0,
      "uuid": "f5065c53-b360-4254-88a3-94c09a254f53",
      "entityColor": "BLACK",
      "addArmor": false,
      "patrolType": "GRAY",
      "canThrow": false,
      "throwDistance": 1,
      "persuePlayer": false,
      "persueChance": 0,
      "throwRand": false,
      "teleportChance": 0,
      "expiditeActChance": 0,
      "delayActChance": 0,
      "trapDistance": 0,
      "captureDistance": 2.5
    },
    {
      "pos": [
        100,
        17,
        93
      ],
      "name": "dog",
      "color": -65281,
      "type": "ENTITY_DOG",
      "canProceed": false,
      "isDone": false,
      "completionTime": 0,
      "uuid": "02ede292-d4b4-4285-b869-cc2c9cc6bf13",
      "entityColor": "BLACK",
      "addArmor": false
    },
    {
      "pos": [
        144,
        16,
        96
      ],
      "name": "Room_4",
      "color": -16711936,
      "type": "ROOM",
      "canProceed": false,
      "isDone": false,
      "completionTime": 0,
      "uuid": "ed8737b7-1f80-4144-bdb2-c406dba67173",
      "pos2": [
        159,
        23,
        111
      ],
      "blockFloorMeta": 0,
      "blockFloorName": "polycraft:expblock",
      "blockWallMeta": 0,
      "blockWallName": "polycraft:expblock",
      "blockWallMetaTwo": 0,
      "blockCeilMeta": 0,
      "blockCeilName": "minecraft:air",
      "blockRefMeta": 0,
      "blockRefName": "minecraft:grass",
      "spawnRefBlocks": false,
      "recycleRefSeed": true,
      "isChunkBased": true,
      "refSeed": -639035600,
      "refSpawnChance": 0.0,
      "intensity": 175,
      "useRandomMeta": false,
      "wallTexture": "T3",
      "wallColor": "T3",
      "floorTexture": "T7",
      "floorColor": "T3",
      "chunks": [
        {
          "pos": [
            18,
            2,
            12
          ],
          "wallConfiguration": [
            {
              "face": "west",
              "config": {
                "type": "EXTERNAL",
                "wallConfiguration": [],
                "defaultPath": {
                  "type": "BLUEPRINT",
                  "reversed": false,
                  "buttonLocation": "NONE",
                  "pressurePlaceLocation": "NONE",
                  "keyMetas": []
                }
              }
            },
            {
              "face": "east",
              "config": {
                "type": "INTERNAL",
                "wallConfiguration": [],
                "defaultPath": {
                  "type": "BLUEPRINT",
                  "reversed": false,
                  "buttonLocation": "NONE",
                  "pressurePlaceLocation": "NONE",
                  "keyMetas": []
                }
              }
            },
            {
              "face": "south",
              "config": {
                "type": "INTERNAL",
                "wallConfiguration": [],
                "defaultPath": {
                  "type": "BLUEPRINT",
                  "reversed": false,
                  "buttonLocation": "NONE",
                  "pressurePlaceLocation": "NONE",
                  "keyMetas": []
                }
              }
            },
            {
              "face": "north",
              "config": {
                "type": "ROOM_ADJACENT",
                "wallConfiguration": [
                  {
                    "slot": 4,
                    "config": {
                      "type": "OPEN",
                      "reversed": false,
                      "buttonLocation": "NONE",
                      "pressurePlaceLocation": "NONE",
                      "keyMetas": []
                    }
                  }
                ],
                "defaultPath": {
                  "type": "BLUEPRINT",
                  "reversed": false,
                  "buttonLocation": "NONE",
                  "pressurePlaceLocation": "NONE",
                  "keyMetas": []
                }
              }
            }
          ],
          "roomID": 4
        },
        {
          "pos": [
            19,
            2,
            12
          ],
          "wallConfiguration": [
            {
              "face": "west",
              "config": {
                "type": "INTERNAL",
                "wallConfiguration": [],
                "defaultPath": {
                  "type": "BLUEPRINT",
                  "reversed": false,
                  "buttonLocation": "NONE",
                  "pressurePlaceLocation": "NONE",
                  "keyMetas": []
                }
              }
            },
            {
              "face": "east",
              "config": {
                "type": "EXTERNAL",
                "wallConfiguration": [],
                "defaultPath": {
                  "type": "BLUEPRINT",
                  "reversed": false,
                  "buttonLocation": "NONE",
                  "pressurePlaceLocation": "NONE",
                  "keyMetas": []
                }
              }
            },
            {
              "face": "south",
              "config": {
                "type": "INTERNAL",
                "wallConfiguration": [],
                "defaultPath": {
                  "type": "BLUEPRINT",
                  "reversed": false,
                  "buttonLocation": "NONE",
                  "pressurePlaceLocation": "NONE",
                  "keyMetas": []
                }
              }
            },
            {
              "face": "north",
              "config": {
                "type": "ROOM_ADJACENT",
                "wallConfiguration": [
                  {
                    "slot": 2,
                    "config": {
                      "type": "OPEN",
                      "reversed": false,
                      "buttonLocation": "NONE",
                      "pressurePlaceLocation": "NONE",
                      "keyMetas": []
                    }
                  }
                ],
                "defaultPath": {
                  "type": "BLUEPRINT",
                  "reversed": false,
                  "buttonLocation": "NONE",
                  "pressurePlaceLocation": "NONE",
                  "keyMetas": []
                }
              }
            }
          ],
          "roomID": 4
        },
        {
          "pos": [
            18,
            2,
            13
          ],
          "wallConfiguration": [
            {
              "face": "west",
              "config": {
                "type": "EXTERNAL",
                "wallConfiguration": [],
                "defaultPath": {
                  "type": "BLUEPRINT",
                  "reversed": false,
                  "buttonLocation": "NONE",
                  "pressurePlaceLocation": "NONE",
                  "keyMetas": []
                }
              }
            },
            {
              "face": "east",
              "config": {
                "type": "INTERNAL",
                "wallConfiguration": [],
                "defaultPath": {
                  "type": "BLUEPRINT",
                  "reversed": false,
                  "buttonLocation": "NONE",
                  "pressurePlaceLocation": "NONE",
                  "keyMetas": []
                }
              }
            },
            {
              "face": "south",
              "config": {
                "type": "EXTERNAL",
                "wallConfiguration": [],
                "defaultPath": {
                  "type": "BLUEPRINT",
                  "reversed": false,
                  "buttonLocation": "NONE",
                  "pressurePlaceLocation": "NONE",
                  "keyMetas": []
                }
              }
            },
            {
              "face": "north",
              "config": {
                "type": "INTERNAL",
                "wallConfiguration": [],
                "defaultPath": {
                  "type": "BLUEPRINT",
                  "reversed": false,
                  "buttonLocation": "NONE",
                  "pressurePlaceLocation": "NONE",
                  "keyMetas": []
                }
              }
            }
          ],
          "roomID": 4
        },
        {
          "pos": [
            19,
            2,
            13
          ],
          "wallConfiguration": [
            {
              "face": "west",
              "config": {
                "type": "INTERNAL",
                "wallConfiguration": [],
                "defaultPath": {
                  "type": "BLUEPRINT",
                  "reversed": false,
                  "buttonLocation": "NONE",
                  "pressurePlaceLocation": "NONE",
                  "keyMetas": []
                }
              }
            },
            {
              "face": "east",
              "config": {
                "type": "EXTERNAL",
                "wallConfiguration": [],
                "defaultPath": {
                  "type": "BLUEPRINT",
                  "reversed": false,
                  "buttonLocation": "NONE",
                  "pressurePlaceLocation": "NONE",
                  "keyMetas": []
                }
              }
            },
            {
              "face": "south",
              "config": {
                "type": "EXTERNAL",
                "wallConfiguration": [],
                "defaultPath": {
                  "type": "BLUEPRINT",
                  "reversed": false,
                  "buttonLocation": "NONE",
                  "pressurePlaceLocation": "NONE",
                  "keyMetas": []
                }
              }
            },
            {
              "face": "north",
              "config": {
                "type": "INTERNAL",
                "wallConfiguration": [],
                "defaultPath": {
                  "type": "BLUEPRINT",
                  "reversed": false,
                  "buttonLocation": "NONE",
                  "pressurePlaceLocation": "NONE",
                  "keyMetas": []
                }
              }
            }
          ],
          "roomID": 4
        }
      ],
      "tagList": [
        "rm_4",
        "locked_door"
      ],
      "canPlayerSpawn": false,
      "doors": []
    },
    {
      "pos": [
        136,
        16,
        72
      ],
      "name": "Room_3",
      "color": -16711936,
      "type": "ROOM",
      "canProceed": false,
      "isDone": false,
      "completionTime": 0,
      "uuid": "ef14afe8-855d-4f37-b525-2279f97a2807",
      "pos2": [
        159,
        23,
        95
      ],
      "blockFloorMeta": 0,
      "blockFloorName": "polycraft:expblock",
      "blockWallMeta": 0,
      "blockWallName": "polycraft:expblock",
      "blockWallMetaTwo": 0,
      "blockCeilMeta": 0,
      "blockCeilName": "minecraft:air",
      "blockRefMeta": 0,
      "blockRefName": "minecraft:grass",
      "spawnRefBlocks": false,
      "recycleRefSeed": true,
      "isChunkBased": true,
      "refSeed": 190338607,
      "refSpawnChance": 0.0,
      "intensity": 175,
      "useRandomMeta": false,
      "wallTexture": "T2",
      "wallColor": "T3",
      "floorTexture": "T5",
      "floorColor": "T0",
      "chunks": [
        {
          "pos": [
            17,
            2,
            9
          ],
          "wallConfiguration": [
            {
              "face": "west",
              "config": {
                "type": "EXTERNAL",
                "wallConfiguration": [],
                "defaultPath": {
                  "type": "BLUEPRINT",
                  "reversed": false,
                  "buttonLocation": "NONE",
                  "pressurePlaceLocation": "NONE",
                  "keyMetas": []
                }
              }
            },
            {
              "face": "east",
              "config": {
                "type": "INTERNAL",
                "wallConfiguration": [],
                "defaultPath": {
                  "type": "BLUEPRINT",
                  "reversed": false,
                  "buttonLocation": "NONE",
                  "pressurePlaceLocation": "NONE",
                  "keyMetas": []
                }
              }
            },
            {
              "face": "south",
              "config": {
                "type": "INTERNAL",
                "wallConfiguration": [],
                "defaultPath": {
                  "type": "BLUEPRINT",
                  "reversed": false,
                  "buttonLocation": "NONE",
                  "pressurePlaceLocation": "NONE",
                  "keyMetas": []
                }
              }
            },
            {
              "face": "north",
              "config": {
                "type": "EXTERNAL",
                "wallConfiguration": [],
                "defaultPath": {
                  "type": "BLUEPRINT",
                  "reversed": false,
                  "buttonLocation": "NONE",
                  "pressurePlaceLocation": "NONE",
                  "keyMetas": []
                }
              }
            }
          ],
          "roomID": 3
        },
        {
          "pos": [
            18,
            2,
            9
          ],
          "wallConfiguration": [
            {
              "face": "west",
              "config": {
                "type": "INTERNAL",
                "wallConfiguration": [],
                "defaultPath": {
                  "type": "BLUEPRINT",
                  "reversed": false,
                  "buttonLocation": "NONE",
                  "pressurePlaceLocation": "NONE",
                  "keyMetas": []
                }
              }
            },
            {
              "face": "east",
              "config": {
                "type": "INTERNAL",
                "wallConfiguration": [],
                "defaultPath": {
                  "type": "BLUEPRINT",
                  "reversed": false,
                  "buttonLocation": "NONE",
                  "pressurePlaceLocation": "NONE",
                  "keyMetas": []
                }
              }
            },
            {
              "face": "south",
              "config": {
                "type": "INTERNAL",
                "wallConfiguration": [],
                "defaultPath": {
                  "type": "BLUEPRINT",
                  "reversed": false,
                  "buttonLocation": "NONE",
                  "pressurePlaceLocation": "NONE",
                  "keyMetas": []
                }
              }
            },
            {
              "face": "north",
              "config": {
                "type": "EXTERNAL",
                "wallConfiguration": [],
                "defaultPath": {
                  "type": "BLUEPRINT",
                  "reversed": false,
                  "buttonLocation": "NONE",
                  "pressurePlaceLocation": "NONE",
                  "keyMetas": []
                }
              }
            }
          ],
          "roomID": 3
        },
        {
          "pos": [
            17,
            2,
            10
          ],
          "wallConfiguration": [
            {
              "face": "west",
              "config": {
                "type": "ROOM_ADJACENT",
                "wallConfiguration": [
                  {
                    "slot": 3,
                    "config": {
                      "type": "OPEN",
                      "reversed": false,
                      "buttonLocation": "NONE",
                      "pressurePlaceLocation": "NONE",
                      "keyMetas": []
                    }
                  }
                ],
                "defaultPath": {
                  "type": "BLUEPRINT",
                  "reversed": false,
                  "buttonLocation": "NONE",
                  "pressurePlaceLocation": "NONE",
                  "keyMetas": []
                }
              }
            },
            {
              "face": "east",
              "config": {
                "type": "INTERNAL",
                "wallConfiguration": [],
                "defaultPath": {
                  "type": "BLUEPRINT",
                  "reversed": false,
                  "buttonLocation": "NONE",
                  "pressurePlaceLocation": "NONE",
                  "keyMetas": []
                }
              }
            },
            {
              "face": "south",
              "config": {
                "type": "INTERNAL",
                "wallConfiguration": [],
                "defaultPath": {
                  "type": "BLUEPRINT",
                  "reversed": false,
                  "buttonLocation": "NONE",
                  "pressurePlaceLocation": "NONE",
                  "keyMetas": []
                }
              }
            },
            {
              "face": "north",
              "config": {
                "type": "INTERNAL",
                "wallConfiguration": [],
                "defaultPath": {
                  "type": "BLUEPRINT",
                  "reversed": false,
                  "buttonLocation": "NONE",
                  "pressurePlaceLocation": "NONE",
                  "keyMetas": []
                }
              }
            }
          ],
          "roomID": 3
        },
        {
          "pos": [
            19,
            2,
            9
          ],
          "wallConfiguration": [
            {
              "face": "west",
              "config": {
                "type": "INTERNAL",
                "wallConfiguration": [],
                "defaultPath": {
                  "type": "BLUEPRINT",
                  "reversed": false,
                  "buttonLocation": "NONE",
                  "pressurePlaceLocation": "NONE",
                  "keyMetas": []
                }
              }
            },
            {
              "face": "east",
              "config": {
                "type": "EXTERNAL",
                "wallConfiguration": [],
                "defaultPath": {
                  "type": "BLUEPRINT",
                  "reversed": false,
                  "buttonLocation": "NONE",
                  "pressurePlaceLocation": "NONE",
                  "keyMetas": []
                }
              }
            },
            {
              "face": "south",
              "config": {
                "type": "INTERNAL",
                "wallConfiguration": [],
                "defaultPath": {
                  "type": "BLUEPRINT",
                  "reversed": false,
                  "buttonLocation": "NONE",
                  "pressurePlaceLocation": "NONE",
                  "keyMetas": []
                }
              }
            },
            {
              "face": "north",
              "config": {
                "type": "EXTERNAL",
                "wallConfiguration": [],
                "defaultPath": {
                  "type": "BLUEPRINT",
                  "reversed": false,
                  "buttonLocation": "NONE",
                  "pressurePlaceLocation": "NONE",
                  "keyMetas": []
                }
              }
            }
          ],
          "roomID": 3
        },
        {
          "pos": [
            18,
            2,
            10
          ],
          "wallConfiguration": [
            {
              "face": "west",
              "config": {
                "type": "INTERNAL",
                "wallConfiguration": [],
                "defaultPath": {
                  "type": "BLUEPRINT",
                  "reversed": false,
                  "buttonLocation": "NONE",
                  "pressurePlaceLocation": "NONE",
                  "keyMetas": []
                }
              }
            },
            {
              "face": "east",
              "config": {
                "type": "INTERNAL",
                "wallConfiguration": [],
                "defaultPath": {
                  "type": "BLUEPRINT",
                  "reversed": false,
                  "buttonLocation": "NONE",
                  "pressurePlaceLocation": "NONE",
                  "keyMetas": []
                }
              }
            },
            {
              "face": "south",
              "config": {
                "type": "INTERNAL",
                "wallConfiguration": [],
                "defaultPath": {
                  "type": "BLUEPRINT",
                  "reversed": false,
                  "buttonLocation": "NONE",
                  "pressurePlaceLocation": "NONE",
                  "keyMetas": []
                }
              }
            },
            {
              "face": "north",
              "config": {
                "type": "INTERNAL",
                "wallConfiguration": [],
                "defaultPath": {
                  "type": "BLUEPRINT",
                  "reversed": false,
                  "buttonLocation": "NONE",
                  "pressurePlaceLocation": "NONE",
                  "keyMetas": []
                }
              }
            }
          ],
          "roomID": 3
        },
        {
          "pos": [
            17,
            2,
            11
          ],
          "wallConfiguration": [
            {
              "face": "west",
              "config": {
                "type": "ROOM_ADJACENT",
                "wallConfiguration": [
                  {
                    "slot": 6,
                    "config": {
                      "type": "OPEN",
                      "reversed": false,
                      "buttonLocation": "NONE",
                      "pressurePlaceLocation": "NONE",
                      "keyMetas": []
                    }
                  }
                ],
                "defaultPath": {
                  "type": "BLUEPRINT",
                  "reversed": false,
                  "buttonLocation": "NONE",
                  "pressurePlaceLocation": "NONE",
                  "keyMetas": []
                }
              }
            },
            {
              "face": "east",
              "config": {
                "type": "INTERNAL",
                "wallConfiguration": [],
                "defaultPath": {
                  "type": "BLUEPRINT",
                  "reversed": false,
                  "buttonLocation": "NONE",
                  "pressurePlaceLocation": "NONE",
                  "keyMetas": []
                }
              }
            },
            {
              "face": "south",
              "config": {
                "type": "EXTERNAL",
                "wallConfiguration": [],
                "defaultPath": {
                  "type": "BLUEPRINT",
                  "reversed": false,
                  "buttonLocation": "NONE",
                  "pressurePlaceLocation": "NONE",
                  "keyMetas": []
                }
              }
            },
            {
              "face": "north",
              "config": {
                "type": "INTERNAL",
                "wallConfiguration": [],
                "defaultPath": {
                  "type": "BLUEPRINT",
                  "reversed": false,
                  "buttonLocation": "NONE",
                  "pressurePlaceLocation": "NONE",
                  "keyMetas": []
                }
              }
            }
          ],
          "roomID": 3
        },
        {
          "pos": [
            19,
            2,
            10
          ],
          "wallConfiguration": [
            {
              "face": "west",
              "config": {
                "type": "INTERNAL",
                "wallConfiguration": [],
                "defaultPath": {
                  "type": "BLUEPRINT",
                  "reversed": false,
                  "buttonLocation": "NONE",
                  "pressurePlaceLocation": "NONE",
                  "keyMetas": []
                }
              }
            },
            {
              "face": "east",
              "config": {
                "type": "EXTERNAL",
                "wallConfiguration": [],
                "defaultPath": {
                  "type": "BLUEPRINT",
                  "reversed": false,
                  "buttonLocation": "NONE",
                  "pressurePlaceLocation": "NONE",
                  "keyMetas": []
                }
              }
            },
            {
              "face": "south",
              "config": {
                "type": "INTERNAL",
                "wallConfiguration": [],
                "defaultPath": {
                  "type": "BLUEPRINT",
                  "reversed": false,
                  "buttonLocation": "NONE",
                  "pressurePlaceLocation": "NONE",
                  "keyMetas": []
                }
              }
            },
            {
              "face": "north",
              "config": {
                "type": "INTERNAL",
                "wallConfiguration": [],
                "defaultPath": {
                  "type": "BLUEPRINT",
                  "reversed": false,
                  "buttonLocation": "NONE",
                  "pressurePlaceLocation": "NONE",
                  "keyMetas": []
                }
              }
            }
          ],
          "roomID": 3
        },
        {
          "pos": [
            18,
            2,
            11
          ],
          "wallConfiguration": [
            {
              "face": "west",
              "config": {
                "type": "INTERNAL",
                "wallConfiguration": [],
                "defaultPath": {
                  "type": "BLUEPRINT",
                  "reversed": false,
                  "buttonLocation": "NONE",
                  "pressurePlaceLocation": "NONE",
                  "keyMetas": []
                }
              }
            },
            {
              "face": "east",
              "config": {
                "type": "INTERNAL",
                "wallConfiguration": [],
                "defaultPath": {
                  "type": "BLUEPRINT",
                  "reversed": false,
                  "buttonLocation": "NONE",
                  "pressurePlaceLocation": "NONE",
                  "keyMetas": []
                }
              }
            },
            {
              "face": "south",
              "config": {
                "type": "ROOM_ADJACENT",
                "wallConfiguration": [
                  {
                    "slot": 4,
                    "config": {
                      "type": "DOOR_LOCKED",
                      "reversed": false,
                      "buttonLocation": "NONE",
                      "pressurePlaceLocation": "NONE",
                      "keyMetas": [
                        1,
                        4,
                        2
                      ]
                    }
                  }
                ],
                "defaultPath": {
                  "type": "BLUEPRINT",
                  "reversed": false,
                  "buttonLocation": "NONE",
                  "pressurePlaceLocation": "NONE",
                  "keyMetas": []
                }
              }
            },
            {
              "face": "north",
              "config": {
                "type": "INTERNAL",
                "wallConfiguration": [],
                "defaultPath": {
                  "type": "BLUEPRINT",
                  "reversed": false,
                  "buttonLocation": "NONE",
                  "pressurePlaceLocation": "NONE",
                  "keyMetas": []
                }
              }
            }
          ],
          "roomID": 3
        },
        {
          "pos": [
            19,
            2,
            11
          ],
          "wallConfiguration": [
            {
              "face": "west",
              "config": {
                "type": "INTERNAL",
                "wallConfiguration": [],
                "defaultPath": {
                  "type": "BLUEPRINT",
                  "reversed": false,
                  "buttonLocation": "NONE",
                  "pressurePlaceLocation": "NONE",
                  "keyMetas": []
                }
              }
            },
            {
              "face": "east",
              "config": {
                "type": "EXTERNAL",
                "wallConfiguration": [],
                "defaultPath": {
                  "type": "BLUEPRINT",
                  "reversed": false,
                  "buttonLocation": "NONE",
                  "pressurePlaceLocation": "NONE",
                  "keyMetas": []
                }
              }
            },
            {
              "face": "south",
              "config": {
                "type": "ROOM_ADJACENT",
                "wallConfiguration": [
                  {
                    "slot": 2,
                    "config": {
                      "type": "DOOR_LOCKED",
                      "reversed": false,
                      "buttonLocation": "NONE",
                      "pressurePlaceLocation": "NONE",
                      "keyMetas": [
                        1,
                        4,
                        2
                      ]
                    }
                  }
                ],
                "defaultPath": {
                  "type": "BLUEPRINT",
                  "reversed": false,
                  "buttonLocation": "NONE",
                  "pressurePlaceLocation": "NONE",
                  "keyMetas": []
                }
              }
            },
            {
              "face": "north",
              "config": {
                "type": "INTERNAL",
                "wallConfiguration": [],
                "defaultPath": {
                  "type": "BLUEPRINT",
                  "reversed": false,
                  "buttonLocation": "NONE",
                  "pressurePlaceLocation": "NONE",
                  "keyMetas": []
                }
              }
            }
          ],
          "roomID": 3
        }
      ],
      "tagList": [
        "rm_3"
      ],
      "canPlayerSpawn": false,
      "doors": []
    },
    {
      "pos": [
        112,
        16,
        80
      ],
      "name": "Room_2",
      "color": -16711936,
      "type": "ROOM",
      "canProceed": false,
      "isDone": false,
      "completionTime": 0,
      "uuid": "f3bcf032-9f9f-4e95-b616-21e893e8eb7d",
      "pos2": [
        135,
        23,
        95
      ],
      "blockFloorMeta": 0,
      "blockFloorName": "polycraft:expblock",
      "blockWallMeta": 0,
      "blockWallName": "polycraft:expblock",
      "blockWallMetaTwo": 0,
      "blockCeilMeta": 0,
      "blockCeilName": "minecraft:air",
      "blockRefMeta": 0,
      "blockRefName": "minecraft:grass",
      "spawnRefBlocks": false,
      "recycleRefSeed": true,
      "isChunkBased": true,
      "refSeed": 1030222863,
      "refSpawnChance": 0.0,
      "intensity": 175,
      "useRandomMeta": false,
      "wallTexture": "T2",
      "wallColor": "T0",
      "floorTexture": "T6",
      "floorColor": "T3",
      "chunks": [
        {
          "pos": [
            14,
            2,
            10
          ],
          "wallConfiguration": [
            {
              "face": "west",
              "config": {
                "type": "EXTERNAL",
                "wallConfiguration": [],
                "defaultPath": {
                  "type": "BLUEPRINT",
                  "reversed": false,
                  "buttonLocation": "NONE",
                  "pressurePlaceLocation": "NONE",
                  "keyMetas": []
                }
              }
            },
            {
              "face": "east",
              "config": {
                "type": "INTERNAL",
                "wallConfiguration": [],
                "defaultPath": {
                  "type": "BLUEPRINT",
                  "reversed": false,
                  "buttonLocation": "NONE",
                  "pressurePlaceLocation": "NONE",
                  "keyMetas": []
                }
              }
            },
            {
              "face": "south",
              "config": {
                "type": "INTERNAL",
                "wallConfiguration": [],
                "defaultPath": {
                  "type": "BLUEPRINT",
                  "reversed": false,
                  "buttonLocation": "NONE",
                  "pressurePlaceLocation": "NONE",
                  "keyMetas": []
                }
              }
            },
            {
              "face": "north",
              "config": {
                "type": "EXTERNAL",
                "wallConfiguration": [],
                "defaultPath": {
                  "type": "BLUEPRINT",
                  "reversed": false,
                  "buttonLocation": "NONE",
                  "pressurePlaceLocation": "NONE",
                  "keyMetas": []
                }
              }
            }
          ],
          "roomID": 2
        },
        {
          "pos": [
            15,
            2,
            10
          ],
          "wallConfiguration": [
            {
              "face": "west",
              "config": {
                "type": "INTERNAL",
                "wallConfiguration": [],
                "defaultPath": {
                  "type": "BLUEPRINT",
                  "reversed": false,
                  "buttonLocation": "NONE",
                  "pressurePlaceLocation": "NONE",
                  "keyMetas": []
                }
              }
            },
            {
              "face": "east",
              "config": {
                "type": "INTERNAL",
                "wallConfiguration": [],
                "defaultPath": {
                  "type": "BLUEPRINT",
                  "reversed": false,
                  "buttonLocation": "NONE",
                  "pressurePlaceLocation": "NONE",
                  "keyMetas": []
                }
              }
            },
            {
              "face": "south",
              "config": {
                "type": "INTERNAL",
                "wallConfiguration": [],
                "defaultPath": {
                  "type": "BLUEPRINT",
                  "reversed": false,
                  "buttonLocation": "NONE",
                  "pressurePlaceLocation": "NONE",
                  "keyMetas": []
                }
              }
            },
            {
              "face": "north",
              "config": {
                "type": "EXTERNAL",
                "wallConfiguration": [],
                "defaultPath": {
                  "type": "BLUEPRINT",
                  "reversed": false,
                  "buttonLocation": "NONE",
                  "pressurePlaceLocation": "NONE",
                  "keyMetas": []
                }
              }
            }
          ],
          "roomID": 2
        },
        {
          "pos": [
            14,
            2,
            11
          ],
          "wallConfiguration": [
            {
              "face": "west",
              "config": {
                "type": "ROOM_ADJACENT",
                "wallConfiguration": [
                  {
                    "slot": 4,
                    "config": {
                      "type": "OPEN",
                      "reversed": false,
                      "buttonLocation": "NONE",
                      "pressurePlaceLocation": "NONE",
                      "keyMetas": []
                    }
                  }
                ],
                "defaultPath": {
                  "type": "BLUEPRINT",
                  "reversed": false,
                  "buttonLocation": "NONE",
                  "pressurePlaceLocation": "NONE",
                  "keyMetas": []
                }
              }
            },
            {
              "face": "east",
              "config": {
                "type": "INTERNAL",
                "wallConfiguration": [],
                "defaultPath": {
                  "type": "BLUEPRINT",
                  "reversed": false,
                  "buttonLocation": "NONE",
                  "pressurePlaceLocation": "NONE",
                  "keyMetas": []
                }
              }
            },
            {
              "face": "south",
              "config": {
                "type": "EXTERNAL",
                "wallConfiguration": [],
                "defaultPath": {
                  "type": "BLUEPRINT",
                  "reversed": false,
                  "buttonLocation": "NONE",
                  "pressurePlaceLocation": "NONE",
                  "keyMetas": []
                }
              }
            },
            {
              "face": "north",
              "config": {
                "type": "INTERNAL",
                "wallConfiguration": [],
                "defaultPath": {
                  "type": "BLUEPRINT",
                  "reversed": false,
                  "buttonLocation": "NONE",
                  "pressurePlaceLocation": "NONE",
                  "keyMetas": []
                }
              }
            }
          ],
          "roomID": 2
        },
        {
          "pos": [
            16,
            2,
            10
          ],
          "wallConfiguration": [
            {
              "face": "west",
              "config": {
                "type": "INTERNAL",
                "wallConfiguration": [],
                "defaultPath": {
                  "type": "BLUEPRINT",
                  "reversed": false,
                  "buttonLocation": "NONE",
                  "pressurePlaceLocation": "NONE",
                  "keyMetas": []
                }
              }
            },
            {
              "face": "east",
              "config": {
                "type": "ROOM_ADJACENT",
                "wallConfiguration": [
                  {
                    "slot": 3,
                    "config": {
                      "type": "OPEN",
                      "reversed": false,
                      "buttonLocation": "NONE",
                      "pressurePlaceLocation": "NONE",
                      "keyMetas": []
                    }
                  }
                ],
                "defaultPath": {
                  "type": "BLUEPRINT",
                  "reversed": false,
                  "buttonLocation": "NONE",
                  "pressurePlaceLocation": "NONE",
                  "keyMetas": []
                }
              }
            },
            {
              "face": "south",
              "config": {
                "type": "INTERNAL",
                "wallConfiguration": [],
                "defaultPath": {
                  "type": "BLUEPRINT",
                  "reversed": false,
                  "buttonLocation": "NONE",
                  "pressurePlaceLocation": "NONE",
                  "keyMetas": []
                }
              }
            },
            {
              "face": "north",
              "config": {
                "type": "EXTERNAL",
                "wallConfiguration": [],
                "defaultPath": {
                  "type": "BLUEPRINT",
                  "reversed": false,
                  "buttonLocation": "NONE",
                  "pressurePlaceLocation": "NONE",
                  "keyMetas": []
                }
              }
            }
          ],
          "roomID": 2
        },
        {
          "pos": [
            15,
            2,
            11
          ],
          "wallConfiguration": [
            {
              "face": "west",
              "config": {
                "type": "INTERNAL",
                "wallConfiguration": [],
                "defaultPath": {
                  "type": "BLUEPRINT",
                  "reversed": false,
                  "buttonLocation": "NONE",
                  "pressurePlaceLocation": "NONE",
                  "keyMetas": []
                }
              }
            },
            {
              "face": "east",
              "config": {
                "type": "INTERNAL",
                "wallConfiguration": [],
                "defaultPath": {
                  "type": "BLUEPRINT",
                  "reversed": false,
                  "buttonLocation": "NONE",
                  "pressurePlaceLocation": "NONE",
                  "keyMetas": []
                }
              }
            },
            {
              "face": "south",
              "config": {
                "type": "EXTERNAL",
                "wallConfiguration": [],
                "defaultPath": {
                  "type": "BLUEPRINT",
                  "reversed": false,
                  "buttonLocation": "NONE",
                  "pressurePlaceLocation": "NONE",
                  "keyMetas": []
                }
              }
            },
            {
              "face": "north",
              "config": {
                "type": "INTERNAL",
                "wallConfiguration": [],
                "defaultPath": {
                  "type": "BLUEPRINT",
                  "reversed": false,
                  "buttonLocation": "NONE",
                  "pressurePlaceLocation": "NONE",
                  "keyMetas": []
                }
              }
            }
          ],
          "roomID": 2
        },
        {
          "pos": [
            16,
            2,
            11
          ],
          "wallConfiguration": [
            {
              "face": "west",
              "config": {
                "type": "INTERNAL",
                "wallConfiguration": [],
                "defaultPath": {
                  "type": "BLUEPRINT",
                  "reversed": false,
                  "buttonLocation": "NONE",
                  "pressurePlaceLocation": "NONE",
                  "keyMetas": []
                }
              }
            },
            {
              "face": "east",
              "config": {
                "type": "ROOM_ADJACENT",
                "wallConfiguration": [
                  {
                    "slot": 6,
                    "config": {
                      "type": "OPEN",
                      "reversed": false,
                      "buttonLocation": "NONE",
                      "pressurePlaceLocation": "NONE",
                      "keyMetas": []
                    }
                  }
                ],
                "defaultPath": {
                  "type": "BLUEPRINT",
                  "reversed": false,
                  "buttonLocation": "NONE",
                  "pressurePlaceLocation": "NONE",
                  "keyMetas": []
                }
              }
            },
            {
              "face": "south",
              "config": {
                "type": "EXTERNAL",
                "wallConfiguration": [],
                "defaultPath": {
                  "type": "BLUEPRINT",
                  "reversed": false,
                  "buttonLocation": "NONE",
                  "pressurePlaceLocation": "NONE",
                  "keyMetas": []
                }
              }
            },
            {
              "face": "north",
              "config": {
                "type": "INTERNAL",
                "wallConfiguration": [],
                "defaultPath": {
                  "type": "BLUEPRINT",
                  "reversed": false,
                  "buttonLocation": "NONE",
                  "pressurePlaceLocation": "NONE",
                  "keyMetas": []
                }
              }
            }
          ],
          "roomID": 2
        }
      ],
      "tagList": [
        "rm_2"
      ],
      "canPlayerSpawn": false,
      "doors": []
    },
    {
      "pos": [
        88,
        16,
        88
      ],
      "name": "Room_1",
      "color": -16711936,
      "type": "ROOM",
      "canProceed": false,
      "isDone": false,
      "completionTime": 0,
      "uuid": "fdd629a6-0946-4437-9030-ce7a1fd70325",
      "pos2": [
        111,
        23,
        103
      ],
      "blockFloorMeta": 0,
      "blockFloorName": "polycraft:expblock",
      "blockWallMeta": 0,
      "blockWallName": "polycraft:expblock",
      "blockWallMetaTwo": 0,
      "blockCeilMeta": 0,
      "blockCeilName": "minecraft:air",
      "blockRefMeta": 0,
      "blockRefName": "minecraft:grass",
      "spawnRefBlocks": false,
      "recycleRefSeed": true,
      "isChunkBased": true,
      "refSeed": 257861561,
      "refSpawnChance": 0.0,
      "intensity": 175,
      "useRandomMeta": false,
      "wallTexture": "T2",
      "wallColor": "T1",
      "floorTexture": "T7",
      "floorColor": "T1",
      "chunks": [
        {
          "pos": [
            11,
            2,
            11
          ],
          "wallConfiguration": [
            {
              "face": "west",
              "config": {
                "type": "EXTERNAL",
                "wallConfiguration": [],
                "defaultPath": {
                  "type": "BLUEPRINT",
                  "reversed": false,
                  "buttonLocation": "NONE",
                  "pressurePlaceLocation": "NONE",
                  "keyMetas": []
                }
              }
            },
            {
              "face": "east",
              "config": {
                "type": "INTERNAL",
                "wallConfiguration": [],
                "defaultPath": {
                  "type": "BLUEPRINT",
                  "reversed": false,
                  "buttonLocation": "NONE",
                  "pressurePlaceLocation": "NONE",
                  "keyMetas": []
                }
              }
            },
            {
              "face": "south",
              "config": {
                "type": "INTERNAL",
                "wallConfiguration": [],
                "defaultPath": {
                  "type": "BLUEPRINT",
                  "reversed": false,
                  "buttonLocation": "NONE",
                  "pressurePlaceLocation": "NONE",
                  "keyMetas": []
                }
              }
            },
            {
              "face": "north",
              "config": {
                "type": "ROOM_ADJACENT",
                "wallConfiguration": [
                  {
                    "slot": 5,
                    "config": {
                      "type": "OPEN",
                      "reversed": false,
                      "buttonLocation": "NONE",
                      "pressurePlaceLocation": "NONE",
                      "keyMetas": []
                    }
                  }
                ],
                "defaultPath": {
                  "type": "BLUEPRINT",
                  "reversed": false,
                  "buttonLocation": "NONE",
                  "pressurePlaceLocation": "NONE",
                  "keyMetas": []
                }
              }
            }
          ],
          "roomID": 1
        },
        {
          "pos": [
            12,
            2,
            11
          ],
          "wallConfiguration": [
            {
              "face": "west",
              "config": {
                "type": "INTERNAL",
                "wallConfiguration": [],
                "defaultPath": {
                  "type": "BLUEPRINT",
                  "reversed": false,
                  "buttonLocation": "NONE",
                  "pressurePlaceLocation": "NONE",
                  "keyMetas": []
                }
              }
            },
            {
              "face": "east",
              "config": {
                "type": "INTERNAL",
                "wallConfiguration": [],
                "defaultPath": {
                  "type": "BLUEPRINT",
                  "reversed": false,
                  "buttonLocation": "NONE",
                  "pressurePlaceLocation": "NONE",
                  "keyMetas": []
                }
              }
            },
            {
              "face": "south",
              "config": {
                "type": "INTERNAL",
                "wallConfiguration": [],
                "defaultPath": {
                  "type": "BLUEPRINT",
                  "reversed": false,
                  "buttonLocation": "NONE",
                  "pressurePlaceLocation": "NONE",
                  "keyMetas": []
                }
              }
            },
            {
              "face": "north",
              "config": {
                "type": "EXTERNAL",
                "wallConfiguration": [],
                "defaultPath": {
                  "type": "BLUEPRINT",
                  "reversed": false,
                  "buttonLocation": "NONE",
                  "pressurePlaceLocation": "NONE",
                  "keyMetas": []
                }
              }
            }
          ],
          "roomID": 1
        },
        {
          "pos": [
            11,
            2,
            12
          ],
          "wallConfiguration": [
            {
              "face": "west",
              "config": {
                "type": "EXTERNAL",
                "wallConfiguration": [],
                "defaultPath": {
                  "type": "BLUEPRINT",
                  "reversed": false,
                  "buttonLocation": "NONE",
                  "pressurePlaceLocation": "NONE",
                  "keyMetas": []
                }
              }
            },
            {
              "face": "east",
              "config": {
                "type": "INTERNAL",
                "wallConfiguration": [],
                "defaultPath": {
                  "type": "BLUEPRINT",
                  "reversed": false,
                  "buttonLocation": "NONE",
                  "pressurePlaceLocation": "NONE",
                  "keyMetas": []
                }
              }
            },
            {
              "face": "south",
              "config": {
                "type": "EXTERNAL",
                "wallConfiguration": [],
                "defaultPath": {
                  "type": "BLUEPRINT",
                  "reversed": false,
                  "buttonLocation": "NONE",
                  "pressurePlaceLocation": "NONE",
                  "keyMetas": []
                }
              }
            },
            {
              "face": "north",
              "config": {
                "type": "INTERNAL",
                "wallConfiguration": [],
                "defaultPath": {
                  "type": "BLUEPRINT",
                  "reversed": false,
                  "buttonLocation": "NONE",
                  "pressurePlaceLocation": "NONE",
                  "keyMetas": []
                }
              }
            }
          ],
          "roomID": 1
        },
        {
          "pos": [
            13,
            2,
            11
          ],
          "wallConfiguration": [
            {
              "face": "west",
              "config": {
                "type": "INTERNAL",
                "wallConfiguration": [],
                "defaultPath": {
                  "type": "BLUEPRINT",
                  "reversed": false,
                  "buttonLocation": "NONE",
                  "pressurePlaceLocation": "NONE",
                  "keyMetas": []
                }
              }
            },
            {
              "face": "east",
              "config": {
                "type": "ROOM_ADJACENT",
                "wallConfiguration": [
                  {
                    "slot": 4,
                    "config": {
                      "type": "OPEN",
                      "reversed": false,
                      "buttonLocation": "NONE",
                      "pressurePlaceLocation": "NONE",
                      "keyMetas": []
                    }
                  }
                ],
                "defaultPath": {
                  "type": "BLUEPRINT",
                  "reversed": false,
                  "buttonLocation": "NONE",
                  "pressurePlaceLocation": "NONE",
                  "keyMetas": []
                }
              }
            },
            {
              "face": "south",
              "config": {
                "type": "INTERNAL",
                "wallConfiguration": [],
                "defaultPath": {
                  "type": "BLUEPRINT",
                  "reversed": false,
                  "buttonLocation": "NONE",
                  "pressurePlaceLocation": "NONE",
                  "keyMetas": []
                }
              }
            },
            {
              "face": "north",
              "config": {
                "type": "EXTERNAL",
                "wallConfiguration": [],
                "defaultPath": {
                  "type": "BLUEPRINT",
                  "reversed": false,
                  "buttonLocation": "NONE",
                  "pressurePlaceLocation": "NONE",
                  "keyMetas": []
                }
              }
            }
          ],
          "roomID": 1
        },
        {
          "pos": [
            12,
            2,
            12
          ],
          "wallConfiguration": [
            {
              "face": "west",
              "config": {
                "type": "INTERNAL",
                "wallConfiguration": [],
                "defaultPath": {
                  "type": "BLUEPRINT",
                  "reversed": false,
                  "buttonLocation": "NONE",
                  "pressurePlaceLocation": "NONE",
                  "keyMetas": []
                }
              }
            },
            {
              "face": "east",
              "config": {
                "type": "INTERNAL",
                "wallConfiguration": [],
                "defaultPath": {
                  "type": "BLUEPRINT",
                  "reversed": false,
                  "buttonLocation": "NONE",
                  "pressurePlaceLocation": "NONE",
                  "keyMetas": []
                }
              }
            },
            {
              "face": "south",
              "config": {
                "type": "EXTERNAL",
                "wallConfiguration": [],
                "defaultPath": {
                  "type": "BLUEPRINT",
                  "reversed": false,
                  "buttonLocation": "NONE",
                  "pressurePlaceLocation": "NONE",
                  "keyMetas": []
                }
              }
            },
            {
              "face": "north",
              "config": {
                "type": "INTERNAL",
                "wallConfiguration": [],
                "defaultPath": {
                  "type": "BLUEPRINT",
                  "reversed": false,
                  "buttonLocation": "NONE",
                  "pressurePlaceLocation": "NONE",
                  "keyMetas": []
                }
              }
            }
          ],
          "roomID": 1
        },
        {
          "pos": [
            13,
            2,
            12
          ],
          "wallConfiguration": [
            {
              "face": "west",
              "config": {
                "type": "INTERNAL",
                "wallConfiguration": [],
                "defaultPath": {
                  "type": "BLUEPRINT",
                  "reversed": false,
                  "buttonLocation": "NONE",
                  "pressurePlaceLocation": "NONE",
                  "keyMetas": []
                }
              }
            },
            {
              "face": "east",
              "config": {
                "type": "EXTERNAL",
                "wallConfiguration": [],
                "defaultPath": {
                  "type": "BLUEPRINT",
                  "reversed": false,
                  "buttonLocation": "NONE",
                  "pressurePlaceLocation": "NONE",
                  "keyMetas": []
                }
              }
            },
            {
              "face": "south",
              "config": {
                "type": "EXTERNAL",
                "wallConfiguration": [],
                "defaultPath": {
                  "type": "BLUEPRINT",
                  "reversed": false,
                  "buttonLocation": "NONE",
                  "pressurePlaceLocation": "NONE",
                  "keyMetas": []
                }
              }
            },
            {
              "face": "north",
              "config": {
                "type": "INTERNAL",
                "wallConfiguration": [],
                "defaultPath": {
                  "type": "BLUEPRINT",
                  "reversed": false,
                  "buttonLocation": "NONE",
                  "pressurePlaceLocation": "NONE",
                  "keyMetas": []
                }
              }
            }
          ],
          "roomID": 1
        }
      ],
      "tagList": [
        "rm_1"
      ],
      "canPlayerSpawn": true,
      "doors": []
    },
    {
      "pos": [
        88,
        16,
        80
      ],
      "name": "Room_0",
      "color": -16711936,
      "type": "ROOM",
      "canProceed": false,
      "isDone": false,
      "completionTime": 0,
      "uuid": "f5dbc21d-1b68-4a2b-ba37-e075b3c6f1b4",
      "pos2": [
        95,
        23,
        87
      ],
      "blockFloorMeta": 0,
      "blockFloorName": "polycraft:expblock",
      "blockWallMeta": 0,
      "blockWallName": "polycraft:expblock",
      "blockWallMetaTwo": 0,
      "blockCeilMeta": 0,
      "blockCeilName": "minecraft:air",
      "blockRefMeta": 0,
      "blockRefName": "minecraft:grass",
      "spawnRefBlocks": false,
      "recycleRefSeed": true,
      "isChunkBased": true,
      "refSeed": -953143104,
      "refSpawnChance": 0.0,
      "intensity": 175,
      "useRandomMeta": false,
      "wallTexture": "T1",
      "wallColor": "T0",
      "floorTexture": "T5",
      "floorColor": "T3",
      "chunks": [
        {
          "pos": [
            11,
            2,
            10
          ],
          "wallConfiguration": [
            {
              "face": "west",
              "config": {
                "type": "EXTERNAL",
                "wallConfiguration": [],
                "defaultPath": {
                  "type": "BLUEPRINT",
                  "reversed": false,
                  "buttonLocation": "NONE",
                  "pressurePlaceLocation": "NONE",
                  "keyMetas": []
                }
              }
            },
            {
              "face": "east",
              "config": {
                "type": "EXTERNAL",
                "wallConfiguration": [],
                "defaultPath": {
                  "type": "BLUEPRINT",
                  "reversed": false,
                  "buttonLocation": "NONE",
                  "pressurePlaceLocation": "NONE",
                  "keyMetas": []
                }
              }
            },
            {
              "face": "south",
              "config": {
                "type": "ROOM_ADJACENT",
                "wallConfiguration": [
                  {
                    "slot": 5,
                    "config": {
                      "type": "OPEN",
                      "reversed": false,
                      "buttonLocation": "NONE",
                      "pressurePlaceLocation": "NONE",
                      "keyMetas": []
                    }
                  }
                ],
                "defaultPath": {
                  "type": "BLUEPRINT",
                  "reversed": false,
                  "buttonLocation": "NONE",
                  "pressurePlaceLocation": "NONE",
                  "keyMetas": []
                }
              }
            },
            {
              "face": "north",
              "config": {
                "type": "EXTERNAL",
                "wallConfiguration": [],
                "defaultPath": {
                  "type": "BLUEPRINT",
                  "reversed": false,
                  "buttonLocation": "NONE",
                  "pressurePlaceLocation": "NONE",
                  "keyMetas": []
                }
              }
            }
          ],
          "roomID": 0
        }
      ],
      "tagList": [
        "rm_0"
      ],
      "canPlayerSpawn": false,
      "doors": []
    },
    {
      "pos": [
        0,
        0,
        0
      ],
      "name": "SeedSpawn_1",
      "color": -256,
      "type": "SEED_SPAWN",
      "canProceed": false,
      "isDone": false,
      "completionTime": 0,
      "uuid": "e2e3df0f-8a90-4cda-bee5-59cccd20d69d",
      "stepCount": 0
    },
    {
      "pos": [
        88,
        17,
        72
      ],
      "name": "map",
      "color": -256,
      "type": "DATA",
      "canProceed": true,
      "isDone": false,
      "completionTime": 0,
      "uuid": "3b0fe8ec-9874-4bd7-9422-f61f577328fc",
      "pos2": [
        159,
        18,
        111
      ],
      "data": " "
    },
    {
      "pos": [
        5,
        4,
        3
      ],
      "name": "Shader 12",
      "color": -16711936,
      "type": "SHADER",
      "canProceed": false,
      "isDone": false,
      "completionTime": 0,
      "uuid": "4ff16194-9889-43a6-8e40-9fa6e687f157",
      "shaderType": "NONE",
      "intensity": 0,
      "seed": 0,
      "boxStart": 0,
      "boxEnd": 0,
      "macguffinColor": -15579597
    },
    {
      "pos": [
        7,
        4,
        26
      ],
      "name": "dest",
      "color": -256,
      "type": "DATA",
      "canProceed": true,
      "isDone": false,
      "completionTime": 0,
      "uuid": "2c4be521-085f-4b95-b42a-1fe8b01e57bd",
      "pos2": [
        7,
        4,
        26
      ],
      "data": " "
    },
    {
      "pos": [
        1,
        4,
        17
      ],
      "name": "room sw",
      "color": -256,
      "type": "DATA",
      "canProceed": true,
      "isDone": false,
      "completionTime": 0,
      "uuid": "4c8eda00-82c5-4cdf-8116-b7e51380fecd",
      "pos2": [
        14,
        4,
        30
      ],
      "data": " "
    },
    {
      "pos": [
        1,
        4,
        1
      ],
      "name": "room 1",
      "color": -256,
      "type": "DATA",
      "canProceed": true,
      "isDone": false,
      "completionTime": 0,
      "uuid": "0ee2866d-5a0f-4ee8-b2cf-df8161c82f2c",
      "pos2": [
        14,
        4,
        14
      ],
      "data": " "
    },
    {
      "pos": [
        17,
        4,
        1
      ],
      "name": "room 2",
      "color": -256,
      "type": "DATA",
      "canProceed": true,
      "isDone": false,
      "completionTime": 0,
      "uuid": "c1b746ac-da67-4bdf-9a0b-537255a58307",
      "pos2": [
        30,
        4,
        14
      ],
      "data": " "
    },
    {
      "pos": [
        17,
        4,
        17
      ],
      "name": "room 3",
      "color": -256,
      "type": "DATA",
      "canProceed": true,
      "isDone": false,
      "completionTime": 0,
      "uuid": "6edf9eb4-87b7-478f-99b2-cc56bfcabbb9",
      "pos2": [
        30,
        4,
        30
      ],
      "data": " "
    },
    {
      "pos": [
        17,
        4,
        1
      ],
      "name": "World Builder 8",
      "color": -16711936,
      "type": "WORLDGEN",
      "canProceed": false,
      "isDone": false,
      "completionTime": 0,
      "uuid": "fdbf813a-3969-4f6d-8162-2640d615fccc",
      "pos2": [
        30,
        4,
        14
      ],
      "count": 30,
      "genType": "BLOCK_LIST",
      "blockList": [
        {
          "blockPos": [
            125,
            17,
            93
          ],
          "blockDef": {
            "blockName": "polycraft:macguffin",
            "blockMeta": 0
          }
        }
      ],
      "chestList": [
        {
          "blockPos": [
            153,
            17,
            89
          ],
          "chestDef": {
            "meta": 0,
            "containerType": "CHEST"
          }
        },
        {
          "blockPos": [
            93,
            17,
            84
          ],
          "chestDef": {
            "meta": 0,
            "containerType": "CHEST"
          }
        },
        {
          "blockPos": [
            131,
            17,
            83
          ],
          "chestDef": {
            "meta": 0,
            "containerType": "CHEST"
          }
        },
        {
          "blockPos": [
            138,
            17,
            77
          ],
          "chestDef": {
            "meta": 0,
            "containerType": "CHEST"
          }
        },
        {
          "blockPos": [
            132,
            17,
            86
          ],
          "chestDef": {
            "meta": 0,
            "containerType": "CHEST"
          }
        },
        {
          "blockPos": [
            131,
            17,
            89
          ],
          "chestDef": {
            "itemList": [
              {
                "slot": 0,
                "itemDef": {
                  "itemName": "polycraft:key",
                  "itemMeta": 4,
                  "count": 1
                }
              }
            ],
            "meta": 0,
            "containerType": "CHEST"
          }
        },
        {
          "blockPos": [
            139,
            17,
            80
          ],
          "chestDef": {
            "itemList": [
              {
                "slot": 0,
                "itemDef": {
                  "itemName": "polycraft:key",
                  "itemMeta": 2,
                  "count": 1
                }
              }
            ],
            "meta": 0,
            "containerType": "CHEST"
          }
        },
        {
          "blockPos": [
            98,
            17,
            92
          ],
          "chestDef": {
            "itemList": [
              {
                "slot": 0,
                "itemDef": {
                  "itemName": "polycraft:key",
                  "itemMeta": 1,
                  "count": 1
                }
              }
            ],
            "meta": 0,
            "containerType": "CHEST"
          }
        },
        {
          "blockPos": [
            148,
            17,
            74
          ],
          "chestDef": {
            "meta": 0,
            "containerType": "CHEST"
          }
        },
        {
          "blockPos": [
            149,
            17,
            79
          ],
          "chestDef": {
            "meta": 0,
            "containerType": "CHEST"
          }
        },
        {
          "blockPos": [
            116,
            17,
            86
          ],
          "chestDef": {
            "meta": 0,
            "containerType": "CHEST"
          }
        },
        {
          "blockPos": [
            105,
            17,
            97
          ],
          "chestDef": {
            "meta": 0,
            "containerType": "CHEST"
          }
        },
        {
          "blockPos": [
            152,
            17,
            82
          ],
          "chestDef": {
            "meta": 0,
            "containerType": "CHEST"
          }
        },
        {
          "blockPos": [
            156,
            17,
            80
          ],
          "chestDef": {
            "meta": 0,
            "containerType": "CHEST"
          }
        },
        {
          "blockPos": [
            155,
            17,
            81
          ],
          "chestDef": {
            "meta": 0,
            "containerType": "CHEST"
          }
        },
        {
          "blockPos": [
            92,
            17,
            83
          ],
          "chestDef": {
            "meta": 0,
            "containerType": "CHEST"
          }
        }
      ]
    },
    {
      "pos": [
        3,
        4,
        6
      ],
      "name": "Add Items 6",
      "color": -256,
      "type": "ADD_ITEMS",
      "canProceed": false,
      "isDone": false,
      "completionTime": 0,
      "uuid": "b6ae0b79-e683-4c8a-b33c-39659562c617"
    },
    {
      "pos": [
        147,
        17,
        103
      ],
      "name": "End Condition",
      "color": -256,
      "type": "END",
      "canProceed": true,
      "isDone": false,
      "completionTime": 0,
      "uuid": "db3e5cd8-6749-11ea-bc55-0242ac130003",
      "endCondition": "BLOCK_TO_LOCATION",
      "itemToAcquire": "",
      "blockToPlace": "polycraft:macguffin",
      "locationToReach": [
        147,
        17,
        103
      ],
      "endTime": 0.0,
      "endStepCost": 0.0,
      "isFinished": false,
      "blockName": "minecraft:lapis_block",
      "blockMeta": 0
    },
    {
      "pos": [
        15,
        1,
        15
      ],
      "name": "Guide 4",
      "color": -256,
      "type": "GUIDE",
      "canProceed": false,
      "isDone": false,
      "completionTime": 0,
      "uuid": "5d9adf72-ef99-4954-b0c3-fd52687b0d0b",
      "pos2": [
        15,
        1,
        15
      ]
    }
  ],
  "options": {
    "pos": [
      0,
      0,
      0
    ],
    "pos2": [
      31,
      9,
      31
    ],
    "name": "",
    "numTeams": 1,
    "teamSize": 1,
    "seed": 1115822017,
    "hideGui": false,
    "outputScreen": false,
    "distribution": "Uninformed"
  },
  "novelty_config": {
    "seed": 0,
    "templatePath": "../Novelty/input/hgv1_1.json",
    "novelties": [
      {
        "blockName": "polycraft:expblock",
        "blockMeta": 0,
        "type": "RoomGenTransform",
        "roomGenOrder": [
          0,
          1,
          2,
          3,
          4
        ],
        "roomGenOrderR": [
          1,
          1,
          1,
          1,
          1
        ],
        "linearRooms": true,
        "roomGenTransformType": "UPDATE_ROOMS",
        "roomTypes": [
          {
            "xMin": 1,
            "xMax": 1,
            "yMin": 1,
            "yMax": 1,
            "zMin": 1,
            "zMax": 1,
            "blockFloorName": "polycraft:expblock",
            "blockCeilName": "minecraft:air",
            "blockWallName": "polycraft:expblock",
            "blockRefName": "minecraft:grass",
            "canPlayerSpawn": false,
            "tagList": [
              "rm_0"
            ]
          },
          {
            "xMin": 2,
            "xMax": 3,
            "yMin": 1,
            "yMax": 1,
            "zMin": 2,
            "zMax": 3,
            "blockFloorName": "polycraft:expblock",
            "blockCeilName": "minecraft:air",
            "blockWallName": "polycraft:expblock",
            "blockRefName": "minecraft:grass",
            "canPlayerSpawn": true,
            "tagList": [
              "rm_1"
            ]
          },
          {
            "xMin": 2,
            "xMax": 3,
            "yMin": 1,
            "yMax": 1,
            "zMin": 2,
            "zMax": 3,
            "blockFloorName": "polycraft:expblock",
            "blockCeilName": "minecraft:air",
            "blockWallName": "polycraft:expblock",
            "blockRefName": "minecraft:grass",
            "canPlayerSpawn": false,
            "tagList": [
              "rm_2"
            ]
          },
          {
            "xMin": 2,
            "xMax": 3,
            "yMin": 1,
            "yMax": 1,
            "zMin": 2,
            "zMax": 3,
            "blockFloorName": "polycraft:expblock",
            "blockCeilName": "minecraft:air",
            "blockWallName": "polycraft:expblock",
            "blockRefName": "minecraft:grass",
            "canPlayerSpawn": false,
            "tagList": [
              "rm_3"
            ]
          },
          {
            "xMin": 2,
            "xMax": 3,
            "yMin": 1,
            "yMax": 1,
            "zMin": 2,
            "zMax": 3,
            "blockFloorName": "polycraft:expblock",
            "blockCeilName": "minecraft:air",
            "blockWallName": "polycraft:expblock",
            "blockRefName": "minecraft:grass",
            "canPlayerSpawn": false,
            "tagList": [
              "rm_4",
              "locked_door"
            ]
          }
        ]
      },
      {
        "type": "RoomWallTransform",
        "keyMetas": [
          1,
          2,
          4
        ],
        "maxDoors": 4,
        "transformType": "ADD_PATHS"
      },
      {
        "blockName": "minecraft:chest",
        "type": "WorldGenTransform",
        "transformType": "BLOCK_LOCATION",
        "countOffset": 2,
        "tagList": [
          "rm_0"
        ]
      },
      {
        "blockName": "minecraft:chest",
        "type": "WorldGenTransform",
        "transformType": "BLOCK_LOCATION",
        "overrideCount": true,
        "countMin": 10,
        "countMax": 15,
        "itemList": [
          {
            "itemName": "polycraft:key",
            "itemMeta": 1,
            "count": 1
          },
          {
            "itemName": "polycraft:key",
            "itemMeta": 2,
            "count": 1
          },
          {
            "itemName": "polycraft:key",
            "itemMeta": 4,
            "count": 1
          }
        ],
        "tagList": [
          "rm_1",
          "rm_2",
          "rm_3"
        ]
      },
      {
        "blockName": "polycraft:macguffin",
        "type": "WorldGenTransform",
        "transformType": "BLOCK_LOCATION",
        "tagList": [
          "rm_2"
        ]
      },
      {
        "blockName": "minecraft:lapis_block",
        "type": "TargetDestTransform",
        "transformType": "BLOCK_LOCATION",
        "tagList": [
          "rm_4"
        ]
      },
      {
        "type": "AddActorTransform",
        "transformType": "DOG",
        "tagList": [
          "rm_1"
        ]
      },
      {
        "type": "AddActorTransform",
        "transformType": "PATROL",
        "tagList": [
          "rm_1",
          "gray",
          "increase"
        ]
      },
      {
        "type": "AddActorTransform",
        "transformType": "PATROL",
        "tagList": [
          "rm_2",
          "red",
          "gray",
          "increase",
          "redToGray"
        ]
      },
      {
        "type": "AddActorTransform",
        "transformType": "PATROL",
        "tagList": [
          "rm_3",
          "red",
          "gray",
          "increase",
          "redToGray"
        ]
      },
      {
        "type": "AddActorTransform",
        "transformType": "PATROL",
        "tagList": [
          "rm_4",
          "red",
          "gray",
          "increase",
          "redToGray"
        ]
      }
    ],
    "seedOverride": 1115822017,
    "generatedTimeStamp": "2022-01-18 11:37:24.443"
  }
}