{
  "features": [
    {
      "pos": [
        95,
        17,
        116
      ],
      "name": "Start 0",
      "color": -16711681,
      "type": "START",
      "canProceed": false,
      "isDone": false,
      "completionTime": 0,
      "uuid": "960698f3-279a-4285-be39-06f4ed147820",
      "pos2": [
        3,
        4,
        6
      ],
      "lookDir": [
        0,
        270,
        0
      ],
      "dim": 0,
      "spawnedInServer": false,
      "spawnedInClient": false,
      "spawnRand": false
    },
    {
      "pos": [
        83,
        17,
        106
      ],
      "name": "LockSmith",
      "color": -65281,
      "type": "ENTITY_LOCKSMITH",
      "canProceed": false,
      "isDone": false,
      "completionTime": 0,
      "uuid": "2dc2af83-719c-47bc-8a3d-8faf024f2359",
      "entityColor": "BLACK",
      "keyMeta": 13
    },
    {
      "pos": [
        154,
        17,
        121
      ],
      "name": "Patrol_Red",
      "color": -65281,
      "type": "ENTITY_PATROL",
      "canProceed": false,
      "isDone": false,
      "completionTime": 0,
      "uuid": "2728b16c-4974-4093-b388-274577438890",
      "entityColor": "BLACK",
      "addArmor": false,
      "patrolType": "RED",
      "canThrow": false,
      "throwDistance": 1,
      "persuePlayer": false,
      "persueChance": 0,
      "throwRand": false,
      "teleportChance": 0,
      "expiditeActChance": 0,
      "delayActChance": 0,
      "trapDistance": 0,
      "captureDistance": 2.5
    },
    {
      "pos": [
        131,
        17,
        115
      ],
      "name": "Patrol_Blue",
      "color": -65281,
      "type": "ENTITY_PATROL",
      "canProceed": false,
      "isDone": false,
      "completionTime": 0,
      "uuid": "27595151-21fc-499a-beee-6cb83e33c4e6",
      "entityColor": "BLACK",
      "addArmor": false,
      "patrolType": "BLUE",
      "canThrow": false,
      "throwDistance": 1,
      "persuePlayer": false,
      "persueChance": 0,
      "throwRand": false,
      "teleportChance": 0,
      "expiditeActChance": 0,
      "delayActChance": 0,
      "trapDistance": 0,
      "captureDistance": 2.5
    },
    {
      "pos": [
        140,
        17,
        123
      ],
      "name": "Patrol_Red",
      "color": -65281,
      "type": "ENTITY_PATROL",
      "canProceed": false,
      "isDone": false,
      "completionTime": 0,
      "uuid": "59b8aa36-16ad-442a-b97e-65a4cf38fb01",
      "entityColor": "BLACK",
      "addArmor": false,
      "patrolType": "RED",
      "canThrow": false,
      "throwDistance": 1,
      "persuePlayer": false,
      "persueChance": 0,
      "throwRand": false,
      "teleportChance": 0,
      "expiditeActChance": 0,
      "delayActChance": 0,
      "trapDistance": 0,
      "captureDistance": 2.5
    },
    {
      "pos": [
        132,
        17,
        121
      ],
      "name": "Patrol_Red",
      "color": -65281,
      "type": "ENTITY_PATROL",
      "canProceed": false,
      "isDone": false,
      "completionTime": 0,
      "uuid": "0610d3aa-f473-4da8-90c2-b50465b8e44a",
      "entityColor": "BLACK",
      "addArmor": false,
      "patrolType": "RED",
      "canThrow": false,
      "throwDistance": 1,
      "persuePlayer": false,
      "persueChance": 0,
      "throwRand": false,
      "teleportChance": 0,
      "expiditeActChance": 0,
      "delayActChance": 0,
      "trapDistance": 0,
      "captureDistance": 2.5
    },
    {
      "pos": [
        107,
        17,
        93
      ],
      "name": "Patrol_Red",
      "color": -65281,
      "type": "ENTITY_PATROL",
      "canProceed": false,
      "isDone": false,
      "completionTime": 0,
      "uuid": "5e95d0c2-4f53-471a-be50-be48bba0ef6d",
      "entityColor": "BLACK",
      "addArmor": false,
      "patrolType": "RED",
      "canThrow": false,
      "throwDistance": 1,
      "persuePlayer": false,
      "persueChance": 0,
      "throwRand": false,
      "teleportChance": 0,
      "expiditeActChance": 0,
      "delayActChance": 0,
      "trapDistance": 0,
      "captureDistance": 2.5
    },
    {
      "pos": [
        114,
        17,
        94
      ],
      "name": "Patrol_Blue",
      "color": -65281,
      "type": "ENTITY_PATROL",
      "canProceed": false,
      "isDone": false,
      "completionTime": 0,
      "uuid": "08a7721a-4873-4575-b117-870765039d86",
      "entityColor": "BLACK",
      "addArmor": false,
      "patrolType": "BLUE",
      "canThrow": false,
      "throwDistance": 1,
      "persuePlayer": false,
      "persueChance": 0,
      "throwRand": false,
      "teleportChance": 0,
      "expiditeActChance": 0,
      "delayActChance": 0,
      "trapDistance": 0,
      "captureDistance": 2.5
    },
    {
      "pos": [
        86,
        17,
        107
      ],
      "name": "Patrol_Gray",
      "color": -65281,
      "type": "ENTITY_PATROL",
      "canProceed": false,
      "isDone": false,
      "completionTime": 0,
      "uuid": "f97db435-7196-46e1-959d-d6260023660c",
      "entityColor": "BLACK",
      "addArmor": false,
      "patrolType": "GRAY",
      "canThrow": false,
      "throwDistance": 1,
      "persuePlayer": false,
      "persueChance": 0,
      "throwRand": false,
      "teleportChance": 0,
      "expiditeActChance": 0,
      "delayActChance": 0,
      "trapDistance": 0,
      "captureDistance": 2.5
    },
    {
      "pos": [
        85,
        17,
        116
      ],
      "name": "Patrol_Blue",
      "color": -65281,
      "type": "ENTITY_PATROL",
      "canProceed": false,
      "isDone": false,
      "completionTime": 0,
      "uuid": "60724889-1888-43c3-bbdb-842f719cc18f",
      "entityColor": "BLACK",
      "addArmor": false,
      "patrolType": "BLUE",
      "canThrow": false,
      "throwDistance": 1,
      "persuePlayer": false,
      "persueChance": 0,
      "throwRand": false,
      "teleportChance": 0,
      "expiditeActChance": 0,
      "delayActChance": 0,
      "trapDistance": 0,
      "captureDistance": 2.5
    },
    {
      "pos": [
        99,
        17,
        107
      ],
      "name": "Patrol_Gray",
      "color": -65281,
      "type": "ENTITY_PATROL",
      "canProceed": false,
      "isDone": false,
      "completionTime": 0,
      "uuid": "fda87e29-da3c-4391-9faa-7ee8e7f85471",
      "entityColor": "BLACK",
      "addArmor": false,
      "patrolType": "GRAY",
      "canThrow": false,
      "throwDistance": 1,
      "persuePlayer": false,
      "persueChance": 0,
      "throwRand": false,
      "teleportChance": 0,
      "expiditeActChance": 0,
      "delayActChance": 0,
      "trapDistance": 0,
      "captureDistance": 2.5
    },
    {
      "pos": [
        96,
        17,
        98
      ],
      "name": "dog",
      "color": -65281,
      "type": "ENTITY_DOG",
      "canProceed": false,
      "isDone": false,
      "completionTime": 0,
      "uuid": "549dc4c9-b03a-432f-a643-d87555b53753",
      "entityColor": "BLACK",
      "addArmor": false
    },
    {
      "pos": [
        144,
        16,
        112
      ],
      "name": "Room_4",
      "color": -16711936,
      "type": "ROOM",
      "canProceed": false,
      "isDone": false,
      "completionTime": 0,
      "uuid": "fcc181e7-75d0-4d93-bd68-77501ed8ce64",
      "pos2": [
        159,
        23,
        127
      ],
      "blockFloorMeta": 0,
      "blockFloorName": "polycraft:expblock",
      "blockWallMeta": 0,
      "blockWallName": "polycraft:expblock",
      "blockWallMetaTwo": 0,
      "blockCeilMeta": 0,
      "blockCeilName": "minecraft:air",
      "blockRefMeta": 0,
      "blockRefName": "minecraft:grass",
      "spawnRefBlocks": false,
      "recycleRefSeed": true,
      "isChunkBased": true,
      "refSeed": -1938047038,
      "refSpawnChance": 0.0,
      "intensity": 151,
      "useRandomMeta": false,
      "wallTexture": "T3",
      "wallColor": "T1",
      "floorTexture": "T7",
      "floorColor": "T0",
      "chunks": [
        {
          "pos": [
            19,
            2,
            15
          ],
          "wallConfiguration": [
            {
              "face": "west",
              "config": {
                "type": "INTERNAL",
                "wallConfiguration": [],
                "defaultPath": {
                  "type": "BLUEPRINT",
                  "reversed": false,
                  "buttonLocation": "NONE",
                  "pressurePlaceLocation": "NONE",
                  "keyMetas": []
                }
              }
            },
            {
              "face": "east",
              "config": {
                "type": "EXTERNAL",
                "wallConfiguration": [],
                "defaultPath": {
                  "type": "BLUEPRINT",
                  "reversed": false,
                  "buttonLocation": "NONE",
                  "pressurePlaceLocation": "NONE",
                  "keyMetas": []
                }
              }
            },
            {
              "face": "south",
              "config": {
                "type": "EXTERNAL",
                "wallConfiguration": [],
                "defaultPath": {
                  "type": "BLUEPRINT",
                  "reversed": false,
                  "buttonLocation": "NONE",
                  "pressurePlaceLocation": "NONE",
                  "keyMetas": []
                }
              }
            },
            {
              "face": "north",
              "config": {
                "type": "INTERNAL",
                "wallConfiguration": [],
                "defaultPath": {
                  "type": "BLUEPRINT",
                  "reversed": false,
                  "buttonLocation": "NONE",
                  "pressurePlaceLocation": "NONE",
                  "keyMetas": []
                }
              }
            }
          ],
          "roomID": 4
        },
        {
          "pos": [
            18,
            2,
            14
          ],
          "wallConfiguration": [
            {
              "face": "west",
              "config": {
                "type": "ROOM_ADJACENT",
                "wallConfiguration": [
                  {
                    "slot": 6,
                    "config": {
                      "type": "OPEN",
                      "reversed": false,
                      "buttonLocation": "NONE",
                      "pressurePlaceLocation": "NONE",
                      "keyMetas": [
                        13
                      ]
                    }
                  }
                ],
                "defaultPath": {
                  "type": "BLUEPRINT",
                  "reversed": false,
                  "buttonLocation": "NONE",
                  "pressurePlaceLocation": "NONE",
                  "keyMetas": []
                }
              }
            },
            {
              "face": "east",
              "config": {
                "type": "INTERNAL",
                "wallConfiguration": [],
                "defaultPath": {
                  "type": "BLUEPRINT",
                  "reversed": false,
                  "buttonLocation": "NONE",
                  "pressurePlaceLocation": "NONE",
                  "keyMetas": []
                }
              }
            },
            {
              "face": "south",
              "config": {
                "type": "INTERNAL",
                "wallConfiguration": [],
                "defaultPath": {
                  "type": "BLUEPRINT",
                  "reversed": false,
                  "buttonLocation": "NONE",
                  "pressurePlaceLocation": "NONE",
                  "keyMetas": []
                }
              }
            },
            {
              "face": "north",
              "config": {
                "type": "EXTERNAL",
                "wallConfiguration": [],
                "defaultPath": {
                  "type": "BLUEPRINT",
                  "reversed": false,
                  "buttonLocation": "NONE",
                  "pressurePlaceLocation": "NONE",
                  "keyMetas": []
                }
              }
            }
          ],
          "roomID": 4
        },
        {
          "pos": [
            19,
            2,
            14
          ],
          "wallConfiguration": [
            {
              "face": "west",
              "config": {
                "type": "INTERNAL",
                "wallConfiguration": [],
                "defaultPath": {
                  "type": "BLUEPRINT",
                  "reversed": false,
                  "buttonLocation": "NONE",
                  "pressurePlaceLocation": "NONE",
                  "keyMetas": []
                }
              }
            },
            {
              "face": "east",
              "config": {
                "type": "EXTERNAL",
                "wallConfiguration": [],
                "defaultPath": {
                  "type": "BLUEPRINT",
                  "reversed": false,
                  "buttonLocation": "NONE",
                  "pressurePlaceLocation": "NONE",
                  "keyMetas": []
                }
              }
            },
            {
              "face": "south",
              "config": {
                "type": "INTERNAL",
                "wallConfiguration": [],
                "defaultPath": {
                  "type": "BLUEPRINT",
                  "reversed": false,
                  "buttonLocation": "NONE",
                  "pressurePlaceLocation": "NONE",
                  "keyMetas": []
                }
              }
            },
            {
              "face": "north",
              "config": {
                "type": "EXTERNAL",
                "wallConfiguration": [],
                "defaultPath": {
                  "type": "BLUEPRINT",
                  "reversed": false,
                  "buttonLocation": "NONE",
                  "pressurePlaceLocation": "NONE",
                  "keyMetas": []
                }
              }
            }
          ],
          "roomID": 4
        },
        {
          "pos": [
            18,
            2,
            15
          ],
          "wallConfiguration": [
            {
              "face": "west",
              "config": {
                "type": "ROOM_ADJACENT",
                "wallConfiguration": [
                  {
                    "slot": 4,
                    "config": {
                      "type": "OPEN",
                      "reversed": false,
                      "buttonLocation": "NONE",
                      "pressurePlaceLocation": "NONE",
                      "keyMetas": [
                        13
                      ]
                    }
                  }
                ],
                "defaultPath": {
                  "type": "BLUEPRINT",
                  "reversed": false,
                  "buttonLocation": "NONE",
                  "pressurePlaceLocation": "NONE",
                  "keyMetas": []
                }
              }
            },
            {
              "face": "east",
              "config": {
                "type": "INTERNAL",
                "wallConfiguration": [],
                "defaultPath": {
                  "type": "BLUEPRINT",
                  "reversed": false,
                  "buttonLocation": "NONE",
                  "pressurePlaceLocation": "NONE",
                  "keyMetas": []
                }
              }
            },
            {
              "face": "south",
              "config": {
                "type": "EXTERNAL",
                "wallConfiguration": [],
                "defaultPath": {
                  "type": "BLUEPRINT",
                  "reversed": false,
                  "buttonLocation": "NONE",
                  "pressurePlaceLocation": "NONE",
                  "keyMetas": []
                }
              }
            },
            {
              "face": "north",
              "config": {
                "type": "INTERNAL",
                "wallConfiguration": [],
                "defaultPath": {
                  "type": "BLUEPRINT",
                  "reversed": false,
                  "buttonLocation": "NONE",
                  "pressurePlaceLocation": "NONE",
                  "keyMetas": []
                }
              }
            }
          ],
          "roomID": 4
        }
      ],
      "tagList": [
        "rm_4",
        "locked_door"
      ],
      "canPlayerSpawn": false,
      "doors": []
    },
    {
      "pos": [
        120,
        16,
        104
      ],
      "name": "Room_3",
      "color": -16711936,
      "type": "ROOM",
      "canProceed": false,
      "isDone": false,
      "completionTime": 0,
      "uuid": "fba9ea6a-9c5e-4f3c-83d5-f13730f2912a",
      "pos2": [
        143,
        23,
        127
      ],
      "blockFloorMeta": 0,
      "blockFloorName": "polycraft:expblock",
      "blockWallMeta": 0,
      "blockWallName": "polycraft:expblock",
      "blockWallMetaTwo": 0,
      "blockCeilMeta": 0,
      "blockCeilName": "minecraft:air",
      "blockRefMeta": 0,
      "blockRefName": "minecraft:grass",
      "spawnRefBlocks": false,
      "recycleRefSeed": true,
      "isChunkBased": true,
      "refSeed": -270921612,
      "refSpawnChance": 0.0,
      "intensity": 151,
      "useRandomMeta": false,
      "wallTexture": "T1",
      "wallColor": "T1",
      "floorTexture": "T5",
      "floorColor": "T0",
      "chunks": [
        {
          "pos": [
            15,
            2,
            13
          ],
          "wallConfiguration": [
            {
              "face": "west",
              "config": {
                "type": "ROOM_ADJACENT",
                "wallConfiguration": [
                  {
                    "slot": 5,
                    "config": {
                      "type": "OPEN",
                      "reversed": false,
                      "buttonLocation": "NONE",
                      "pressurePlaceLocation": "NONE",
                      "keyMetas": [
                        13
                      ]
                    }
                  }
                ],
                "defaultPath": {
                  "type": "BLUEPRINT",
                  "reversed": false,
                  "buttonLocation": "NONE",
                  "pressurePlaceLocation": "NONE",
                  "keyMetas": []
                }
              }
            },
            {
              "face": "east",
              "config": {
                "type": "INTERNAL",
                "wallConfiguration": [],
                "defaultPath": {
                  "type": "BLUEPRINT",
                  "reversed": false,
                  "buttonLocation": "NONE",
                  "pressurePlaceLocation": "NONE",
                  "keyMetas": []
                }
              }
            },
            {
              "face": "south",
              "config": {
                "type": "INTERNAL",
                "wallConfiguration": [],
                "defaultPath": {
                  "type": "BLUEPRINT",
                  "reversed": false,
                  "buttonLocation": "NONE",
                  "pressurePlaceLocation": "NONE",
                  "keyMetas": []
                }
              }
            },
            {
              "face": "north",
              "config": {
                "type": "EXTERNAL",
                "wallConfiguration": [],
                "defaultPath": {
                  "type": "BLUEPRINT",
                  "reversed": false,
                  "buttonLocation": "NONE",
                  "pressurePlaceLocation": "NONE",
                  "keyMetas": []
                }
              }
            }
          ],
          "roomID": 3
        },
        {
          "pos": [
            16,
            2,
            13
          ],
          "wallConfiguration": [
            {
              "face": "west",
              "config": {
                "type": "INTERNAL",
                "wallConfiguration": [],
                "defaultPath": {
                  "type": "BLUEPRINT",
                  "reversed": false,
                  "buttonLocation": "NONE",
                  "pressurePlaceLocation": "NONE",
                  "keyMetas": []
                }
              }
            },
            {
              "face": "east",
              "config": {
                "type": "INTERNAL",
                "wallConfiguration": [],
                "defaultPath": {
                  "type": "BLUEPRINT",
                  "reversed": false,
                  "buttonLocation": "NONE",
                  "pressurePlaceLocation": "NONE",
                  "keyMetas": []
                }
              }
            },
            {
              "face": "south",
              "config": {
                "type": "INTERNAL",
                "wallConfiguration": [],
                "defaultPath": {
                  "type": "BLUEPRINT",
                  "reversed": false,
                  "buttonLocation": "NONE",
                  "pressurePlaceLocation": "NONE",
                  "keyMetas": []
                }
              }
            },
            {
              "face": "north",
              "config": {
                "type": "EXTERNAL",
                "wallConfiguration": [],
                "defaultPath": {
                  "type": "BLUEPRINT",
                  "reversed": false,
                  "buttonLocation": "NONE",
                  "pressurePlaceLocation": "NONE",
                  "keyMetas": []
                }
              }
            }
          ],
          "roomID": 3
        },
        {
          "pos": [
            15,
            2,
            14
          ],
          "wallConfiguration": [
            {
              "face": "west",
              "config": {
                "type": "EXTERNAL",
                "wallConfiguration": [],
                "defaultPath": {
                  "type": "BLUEPRINT",
                  "reversed": false,
                  "buttonLocation": "NONE",
                  "pressurePlaceLocation": "NONE",
                  "keyMetas": []
                }
              }
            },
            {
              "face": "east",
              "config": {
                "type": "INTERNAL",
                "wallConfiguration": [],
                "defaultPath": {
                  "type": "BLUEPRINT",
                  "reversed": false,
                  "buttonLocation": "NONE",
                  "pressurePlaceLocation": "NONE",
                  "keyMetas": []
                }
              }
            },
            {
              "face": "south",
              "config": {
                "type": "INTERNAL",
                "wallConfiguration": [],
                "defaultPath": {
                  "type": "BLUEPRINT",
                  "reversed": false,
                  "buttonLocation": "NONE",
                  "pressurePlaceLocation": "NONE",
                  "keyMetas": []
                }
              }
            },
            {
              "face": "north",
              "config": {
                "type": "INTERNAL",
                "wallConfiguration": [],
                "defaultPath": {
                  "type": "BLUEPRINT",
                  "reversed": false,
                  "buttonLocation": "NONE",
                  "pressurePlaceLocation": "NONE",
                  "keyMetas": []
                }
              }
            }
          ],
          "roomID": 3
        },
        {
          "pos": [
            17,
            2,
            13
          ],
          "wallConfiguration": [
            {
              "face": "west",
              "config": {
                "type": "INTERNAL",
                "wallConfiguration": [],
                "defaultPath": {
                  "type": "BLUEPRINT",
                  "reversed": false,
                  "buttonLocation": "NONE",
                  "pressurePlaceLocation": "NONE",
                  "keyMetas": []
                }
              }
            },
            {
              "face": "east",
              "config": {
                "type": "EXTERNAL",
                "wallConfiguration": [],
                "defaultPath": {
                  "type": "BLUEPRINT",
                  "reversed": false,
                  "buttonLocation": "NONE",
                  "pressurePlaceLocation": "NONE",
                  "keyMetas": []
                }
              }
            },
            {
              "face": "south",
              "config": {
                "type": "INTERNAL",
                "wallConfiguration": [],
                "defaultPath": {
                  "type": "BLUEPRINT",
                  "reversed": false,
                  "buttonLocation": "NONE",
                  "pressurePlaceLocation": "NONE",
                  "keyMetas": []
                }
              }
            },
            {
              "face": "north",
              "config": {
                "type": "EXTERNAL",
                "wallConfiguration": [],
                "defaultPath": {
                  "type": "BLUEPRINT",
                  "reversed": false,
                  "buttonLocation": "NONE",
                  "pressurePlaceLocation": "NONE",
                  "keyMetas": []
                }
              }
            }
          ],
          "roomID": 3
        },
        {
          "pos": [
            16,
            2,
            14
          ],
          "wallConfiguration": [
            {
              "face": "west",
              "config": {
                "type": "INTERNAL",
                "wallConfiguration": [],
                "defaultPath": {
                  "type": "BLUEPRINT",
                  "reversed": false,
                  "buttonLocation": "NONE",
                  "pressurePlaceLocation": "NONE",
                  "keyMetas": []
                }
              }
            },
            {
              "face": "east",
              "config": {
                "type": "INTERNAL",
                "wallConfiguration": [],
                "defaultPath": {
                  "type": "BLUEPRINT",
                  "reversed": false,
                  "buttonLocation": "NONE",
                  "pressurePlaceLocation": "NONE",
                  "keyMetas": []
                }
              }
            },
            {
              "face": "south",
              "config": {
                "type": "INTERNAL",
                "wallConfiguration": [],
                "defaultPath": {
                  "type": "BLUEPRINT",
                  "reversed": false,
                  "buttonLocation": "NONE",
                  "pressurePlaceLocation": "NONE",
                  "keyMetas": []
                }
              }
            },
            {
              "face": "north",
              "config": {
                "type": "INTERNAL",
                "wallConfiguration": [],
                "defaultPath": {
                  "type": "BLUEPRINT",
                  "reversed": false,
                  "buttonLocation": "NONE",
                  "pressurePlaceLocation": "NONE",
                  "keyMetas": []
                }
              }
            }
          ],
          "roomID": 3
        },
        {
          "pos": [
            15,
            2,
            15
          ],
          "wallConfiguration": [
            {
              "face": "west",
              "config": {
                "type": "EXTERNAL",
                "wallConfiguration": [],
                "defaultPath": {
                  "type": "BLUEPRINT",
                  "reversed": false,
                  "buttonLocation": "NONE",
                  "pressurePlaceLocation": "NONE",
                  "keyMetas": []
                }
              }
            },
            {
              "face": "east",
              "config": {
                "type": "INTERNAL",
                "wallConfiguration": [],
                "defaultPath": {
                  "type": "BLUEPRINT",
                  "reversed": false,
                  "buttonLocation": "NONE",
                  "pressurePlaceLocation": "NONE",
                  "keyMetas": []
                }
              }
            },
            {
              "face": "south",
              "config": {
                "type": "EXTERNAL",
                "wallConfiguration": [],
                "defaultPath": {
                  "type": "BLUEPRINT",
                  "reversed": false,
                  "buttonLocation": "NONE",
                  "pressurePlaceLocation": "NONE",
                  "keyMetas": []
                }
              }
            },
            {
              "face": "north",
              "config": {
                "type": "INTERNAL",
                "wallConfiguration": [],
                "defaultPath": {
                  "type": "BLUEPRINT",
                  "reversed": false,
                  "buttonLocation": "NONE",
                  "pressurePlaceLocation": "NONE",
                  "keyMetas": []
                }
              }
            }
          ],
          "roomID": 3
        },
        {
          "pos": [
            17,
            2,
            14
          ],
          "wallConfiguration": [
            {
              "face": "west",
              "config": {
                "type": "INTERNAL",
                "wallConfiguration": [],
                "defaultPath": {
                  "type": "BLUEPRINT",
                  "reversed": false,
                  "buttonLocation": "NONE",
                  "pressurePlaceLocation": "NONE",
                  "keyMetas": []
                }
              }
            },
            {
              "face": "east",
              "config": {
                "type": "ROOM_ADJACENT",
                "wallConfiguration": [
                  {
                    "slot": 6,
                    "config": {
                      "type": "DOOR_LOCKED",
                      "reversed": false,
                      "buttonLocation": "NONE",
                      "pressurePlaceLocation": "NONE",
                      "keyMetas": [
                        13
                      ]
                    }
                  }
                ],
                "defaultPath": {
                  "type": "BLUEPRINT",
                  "reversed": false,
                  "buttonLocation": "NONE",
                  "pressurePlaceLocation": "NONE",
                  "keyMetas": []
                }
              }
            },
            {
              "face": "south",
              "config": {
                "type": "INTERNAL",
                "wallConfiguration": [],
                "defaultPath": {
                  "type": "BLUEPRINT",
                  "reversed": false,
                  "buttonLocation": "NONE",
                  "pressurePlaceLocation": "NONE",
                  "keyMetas": []
                }
              }
            },
            {
              "face": "north",
              "config": {
                "type": "INTERNAL",
                "wallConfiguration": [],
                "defaultPath": {
                  "type": "BLUEPRINT",
                  "reversed": false,
                  "buttonLocation": "NONE",
                  "pressurePlaceLocation": "NONE",
                  "keyMetas": []
                }
              }
            }
          ],
          "roomID": 3
        },
        {
          "pos": [
            16,
            2,
            15
          ],
          "wallConfiguration": [
            {
              "face": "west",
              "config": {
                "type": "INTERNAL",
                "wallConfiguration": [],
                "defaultPath": {
                  "type": "BLUEPRINT",
                  "reversed": false,
                  "buttonLocation": "NONE",
                  "pressurePlaceLocation": "NONE",
                  "keyMetas": []
                }
              }
            },
            {
              "face": "east",
              "config": {
                "type": "INTERNAL",
                "wallConfiguration": [],
                "defaultPath": {
                  "type": "BLUEPRINT",
                  "reversed": false,
                  "buttonLocation": "NONE",
                  "pressurePlaceLocation": "NONE",
                  "keyMetas": []
                }
              }
            },
            {
              "face": "south",
              "config": {
                "type": "EXTERNAL",
                "wallConfiguration": [],
                "defaultPath": {
                  "type": "BLUEPRINT",
                  "reversed": false,
                  "buttonLocation": "NONE",
                  "pressurePlaceLocation": "NONE",
                  "keyMetas": []
                }
              }
            },
            {
              "face": "north",
              "config": {
                "type": "INTERNAL",
                "wallConfiguration": [],
                "defaultPath": {
                  "type": "BLUEPRINT",
                  "reversed": false,
                  "buttonLocation": "NONE",
                  "pressurePlaceLocation": "NONE",
                  "keyMetas": []
                }
              }
            }
          ],
          "roomID": 3
        },
        {
          "pos": [
            17,
            2,
            15
          ],
          "wallConfiguration": [
            {
              "face": "west",
              "config": {
                "type": "INTERNAL",
                "wallConfiguration": [],
                "defaultPath": {
                  "type": "BLUEPRINT",
                  "reversed": false,
                  "buttonLocation": "NONE",
                  "pressurePlaceLocation": "NONE",
                  "keyMetas": []
                }
              }
            },
            {
              "face": "east",
              "config": {
                "type": "ROOM_ADJACENT",
                "wallConfiguration": [
                  {
                    "slot": 4,
                    "config": {
                      "type": "DOOR_LOCKED",
                      "reversed": false,
                      "buttonLocation": "NONE",
                      "pressurePlaceLocation": "NONE",
                      "keyMetas": [
                        13
                      ]
                    }
                  }
                ],
                "defaultPath": {
                  "type": "BLUEPRINT",
                  "reversed": false,
                  "buttonLocation": "NONE",
                  "pressurePlaceLocation": "NONE",
                  "keyMetas": []
                }
              }
            },
            {
              "face": "south",
              "config": {
                "type": "EXTERNAL",
                "wallConfiguration": [],
                "defaultPath": {
                  "type": "BLUEPRINT",
                  "reversed": false,
                  "buttonLocation": "NONE",
                  "pressurePlaceLocation": "NONE",
                  "keyMetas": []
                }
              }
            },
            {
              "face": "north",
              "config": {
                "type": "INTERNAL",
                "wallConfiguration": [],
                "defaultPath": {
                  "type": "BLUEPRINT",
                  "reversed": false,
                  "buttonLocation": "NONE",
                  "pressurePlaceLocation": "NONE",
                  "keyMetas": []
                }
              }
            }
          ],
          "roomID": 3
        }
      ],
      "tagList": [
        "rm_3"
      ],
      "canPlayerSpawn": false,
      "doors": []
    },
    {
      "pos": [
        104,
        16,
        88
      ],
      "name": "Room_2",
      "color": -16711936,
      "type": "ROOM",
      "canProceed": false,
      "isDone": false,
      "completionTime": 0,
      "uuid": "0ec2602b-ec25-4004-a9d2-4b59d18cfe59",
      "pos2": [
        119,
        23,
        111
      ],
      "blockFloorMeta": 0,
      "blockFloorName": "polycraft:expblock",
      "blockWallMeta": 0,
      "blockWallName": "polycraft:expblock",
      "blockWallMetaTwo": 0,
      "blockCeilMeta": 0,
      "blockCeilName": "minecraft:air",
      "blockRefMeta": 0,
      "blockRefName": "minecraft:grass",
      "spawnRefBlocks": false,
      "recycleRefSeed": true,
      "isChunkBased": true,
      "refSeed": -1904834843,
      "refSpawnChance": 0.0,
      "intensity": 151,
      "useRandomMeta": false,
      "wallTexture": "T0",
      "wallColor": "T2",
      "floorTexture": "T7",
      "floorColor": "T1",
      "chunks": [
        {
          "pos": [
            13,
            2,
            11
          ],
          "wallConfiguration": [
            {
              "face": "west",
              "config": {
                "type": "EXTERNAL",
                "wallConfiguration": [],
                "defaultPath": {
                  "type": "BLUEPRINT",
                  "reversed": false,
                  "buttonLocation": "NONE",
                  "pressurePlaceLocation": "NONE",
                  "keyMetas": []
                }
              }
            },
            {
              "face": "east",
              "config": {
                "type": "INTERNAL",
                "wallConfiguration": [],
                "defaultPath": {
                  "type": "BLUEPRINT",
                  "reversed": false,
                  "buttonLocation": "NONE",
                  "pressurePlaceLocation": "NONE",
                  "keyMetas": []
                }
              }
            },
            {
              "face": "south",
              "config": {
                "type": "INTERNAL",
                "wallConfiguration": [],
                "defaultPath": {
                  "type": "BLUEPRINT",
                  "reversed": false,
                  "buttonLocation": "NONE",
                  "pressurePlaceLocation": "NONE",
                  "keyMetas": []
                }
              }
            },
            {
              "face": "north",
              "config": {
                "type": "EXTERNAL",
                "wallConfiguration": [],
                "defaultPath": {
                  "type": "BLUEPRINT",
                  "reversed": false,
                  "buttonLocation": "NONE",
                  "pressurePlaceLocation": "NONE",
                  "keyMetas": []
                }
              }
            }
          ],
          "roomID": 2
        },
        {
          "pos": [
            14,
            2,
            11
          ],
          "wallConfiguration": [
            {
              "face": "west",
              "config": {
                "type": "INTERNAL",
                "wallConfiguration": [],
                "defaultPath": {
                  "type": "BLUEPRINT",
                  "reversed": false,
                  "buttonLocation": "NONE",
                  "pressurePlaceLocation": "NONE",
                  "keyMetas": []
                }
              }
            },
            {
              "face": "east",
              "config": {
                "type": "EXTERNAL",
                "wallConfiguration": [],
                "defaultPath": {
                  "type": "BLUEPRINT",
                  "reversed": false,
                  "buttonLocation": "NONE",
                  "pressurePlaceLocation": "NONE",
                  "keyMetas": []
                }
              }
            },
            {
              "face": "south",
              "config": {
                "type": "INTERNAL",
                "wallConfiguration": [],
                "defaultPath": {
                  "type": "BLUEPRINT",
                  "reversed": false,
                  "buttonLocation": "NONE",
                  "pressurePlaceLocation": "NONE",
                  "keyMetas": []
                }
              }
            },
            {
              "face": "north",
              "config": {
                "type": "EXTERNAL",
                "wallConfiguration": [],
                "defaultPath": {
                  "type": "BLUEPRINT",
                  "reversed": false,
                  "buttonLocation": "NONE",
                  "pressurePlaceLocation": "NONE",
                  "keyMetas": []
                }
              }
            }
          ],
          "roomID": 2
        },
        {
          "pos": [
            13,
            2,
            12
          ],
          "wallConfiguration": [
            {
              "face": "west",
              "config": {
                "type": "ROOM_ADJACENT",
                "wallConfiguration": [
                  {
                    "slot": 6,
                    "config": {
                      "type": "OPEN",
                      "reversed": false,
                      "buttonLocation": "NONE",
                      "pressurePlaceLocation": "NONE",
                      "keyMetas": [
                        13
                      ]
                    }
                  }
                ],
                "defaultPath": {
                  "type": "BLUEPRINT",
                  "reversed": false,
                  "buttonLocation": "NONE",
                  "pressurePlaceLocation": "NONE",
                  "keyMetas": []
                }
              }
            },
            {
              "face": "east",
              "config": {
                "type": "INTERNAL",
                "wallConfiguration": [],
                "defaultPath": {
                  "type": "BLUEPRINT",
                  "reversed": false,
                  "buttonLocation": "NONE",
                  "pressurePlaceLocation": "NONE",
                  "keyMetas": []
                }
              }
            },
            {
              "face": "south",
              "config": {
                "type": "INTERNAL",
                "wallConfiguration": [],
                "defaultPath": {
                  "type": "BLUEPRINT",
                  "reversed": false,
                  "buttonLocation": "NONE",
                  "pressurePlaceLocation": "NONE",
                  "keyMetas": []
                }
              }
            },
            {
              "face": "north",
              "config": {
                "type": "INTERNAL",
                "wallConfiguration": [],
                "defaultPath": {
                  "type": "BLUEPRINT",
                  "reversed": false,
                  "buttonLocation": "NONE",
                  "pressurePlaceLocation": "NONE",
                  "keyMetas": []
                }
              }
            }
          ],
          "roomID": 2
        },
        {
          "pos": [
            14,
            2,
            12
          ],
          "wallConfiguration": [
            {
              "face": "west",
              "config": {
                "type": "INTERNAL",
                "wallConfiguration": [],
                "defaultPath": {
                  "type": "BLUEPRINT",
                  "reversed": false,
                  "buttonLocation": "NONE",
                  "pressurePlaceLocation": "NONE",
                  "keyMetas": []
                }
              }
            },
            {
              "face": "east",
              "config": {
                "type": "EXTERNAL",
                "wallConfiguration": [],
                "defaultPath": {
                  "type": "BLUEPRINT",
                  "reversed": false,
                  "buttonLocation": "NONE",
                  "pressurePlaceLocation": "NONE",
                  "keyMetas": []
                }
              }
            },
            {
              "face": "south",
              "config": {
                "type": "INTERNAL",
                "wallConfiguration": [],
                "defaultPath": {
                  "type": "BLUEPRINT",
                  "reversed": false,
                  "buttonLocation": "NONE",
                  "pressurePlaceLocation": "NONE",
                  "keyMetas": []
                }
              }
            },
            {
              "face": "north",
              "config": {
                "type": "INTERNAL",
                "wallConfiguration": [],
                "defaultPath": {
                  "type": "BLUEPRINT",
                  "reversed": false,
                  "buttonLocation": "NONE",
                  "pressurePlaceLocation": "NONE",
                  "keyMetas": []
                }
              }
            }
          ],
          "roomID": 2
        },
        {
          "pos": [
            13,
            2,
            13
          ],
          "wallConfiguration": [
            {
              "face": "west",
              "config": {
                "type": "ROOM_ADJACENT",
                "wallConfiguration": [
                  {
                    "slot": 3,
                    "config": {
                      "type": "OPEN",
                      "reversed": false,
                      "buttonLocation": "NONE",
                      "pressurePlaceLocation": "NONE",
                      "keyMetas": [
                        13
                      ]
                    }
                  }
                ],
                "defaultPath": {
                  "type": "BLUEPRINT",
                  "reversed": false,
                  "buttonLocation": "NONE",
                  "pressurePlaceLocation": "NONE",
                  "keyMetas": []
                }
              }
            },
            {
              "face": "east",
              "config": {
                "type": "INTERNAL",
                "wallConfiguration": [],
                "defaultPath": {
                  "type": "BLUEPRINT",
                  "reversed": false,
                  "buttonLocation": "NONE",
                  "pressurePlaceLocation": "NONE",
                  "keyMetas": []
                }
              }
            },
            {
              "face": "south",
              "config": {
                "type": "EXTERNAL",
                "wallConfiguration": [],
                "defaultPath": {
                  "type": "BLUEPRINT",
                  "reversed": false,
                  "buttonLocation": "NONE",
                  "pressurePlaceLocation": "NONE",
                  "keyMetas": []
                }
              }
            },
            {
              "face": "north",
              "config": {
                "type": "INTERNAL",
                "wallConfiguration": [],
                "defaultPath": {
                  "type": "BLUEPRINT",
                  "reversed": false,
                  "buttonLocation": "NONE",
                  "pressurePlaceLocation": "NONE",
                  "keyMetas": []
                }
              }
            }
          ],
          "roomID": 2
        },
        {
          "pos": [
            14,
            2,
            13
          ],
          "wallConfiguration": [
            {
              "face": "west",
              "config": {
                "type": "INTERNAL",
                "wallConfiguration": [],
                "defaultPath": {
                  "type": "BLUEPRINT",
                  "reversed": false,
                  "buttonLocation": "NONE",
                  "pressurePlaceLocation": "NONE",
                  "keyMetas": []
                }
              }
            },
            {
              "face": "east",
              "config": {
                "type": "ROOM_ADJACENT",
                "wallConfiguration": [
                  {
                    "slot": 5,
                    "config": {
                      "type": "OPEN",
                      "reversed": false,
                      "buttonLocation": "NONE",
                      "pressurePlaceLocation": "NONE",
                      "keyMetas": [
                        13
                      ]
                    }
                  }
                ],
                "defaultPath": {
                  "type": "BLUEPRINT",
                  "reversed": false,
                  "buttonLocation": "NONE",
                  "pressurePlaceLocation": "NONE",
                  "keyMetas": []
                }
              }
            },
            {
              "face": "south",
              "config": {
                "type": "EXTERNAL",
                "wallConfiguration": [],
                "defaultPath": {
                  "type": "BLUEPRINT",
                  "reversed": false,
                  "buttonLocation": "NONE",
                  "pressurePlaceLocation": "NONE",
                  "keyMetas": []
                }
              }
            },
            {
              "face": "north",
              "config": {
                "type": "INTERNAL",
                "wallConfiguration": [],
                "defaultPath": {
                  "type": "BLUEPRINT",
                  "reversed": false,
                  "buttonLocation": "NONE",
                  "pressurePlaceLocation": "NONE",
                  "keyMetas": []
                }
              }
            }
          ],
          "roomID": 2
        }
      ],
      "tagList": [
        "rm_2"
      ],
      "canPlayerSpawn": false,
      "doors": []
    },
    {
      "pos": [
        80,
        16,
        96
      ],
      "name": "Room_1",
      "color": -16711936,
      "type": "ROOM",
      "canProceed": false,
      "isDone": false,
      "completionTime": 0,
      "uuid": "760f7597-eba8-4377-9c1b-d25af213e4d8",
      "pos2": [
        103,
        23,
        119
      ],
      "blockFloorMeta": 0,
      "blockFloorName": "polycraft:expblock",
      "blockWallMeta": 0,
      "blockWallName": "polycraft:expblock",
      "blockWallMetaTwo": 0,
      "blockCeilMeta": 0,
      "blockCeilName": "minecraft:air",
      "blockRefMeta": 0,
      "blockRefName": "minecraft:grass",
      "spawnRefBlocks": false,
      "recycleRefSeed": true,
      "isChunkBased": true,
      "refSeed": 1465793088,
      "refSpawnChance": 0.0,
      "intensity": 151,
      "useRandomMeta": false,
      "wallTexture": "T2",
      "wallColor": "T1",
      "floorTexture": "T6",
      "floorColor": "T0",
      "chunks": [
        {
          "pos": [
            10,
            2,
            12
          ],
          "wallConfiguration": [
            {
              "face": "west",
              "config": {
                "type": "EXTERNAL",
                "wallConfiguration": [],
                "defaultPath": {
                  "type": "BLUEPRINT",
                  "reversed": false,
                  "buttonLocation": "NONE",
                  "pressurePlaceLocation": "NONE",
                  "keyMetas": []
                }
              }
            },
            {
              "face": "east",
              "config": {
                "type": "INTERNAL",
                "wallConfiguration": [],
                "defaultPath": {
                  "type": "BLUEPRINT",
                  "reversed": false,
                  "buttonLocation": "NONE",
                  "pressurePlaceLocation": "NONE",
                  "keyMetas": []
                }
              }
            },
            {
              "face": "south",
              "config": {
                "type": "INTERNAL",
                "wallConfiguration": [],
                "defaultPath": {
                  "type": "BLUEPRINT",
                  "reversed": false,
                  "buttonLocation": "NONE",
                  "pressurePlaceLocation": "NONE",
                  "keyMetas": []
                }
              }
            },
            {
              "face": "north",
              "config": {
                "type": "ROOM_ADJACENT",
                "wallConfiguration": [
                  {
                    "slot": 6,
                    "config": {
                      "type": "OPEN",
                      "reversed": false,
                      "buttonLocation": "NONE",
                      "pressurePlaceLocation": "NONE",
                      "keyMetas": [
                        13
                      ]
                    }
                  }
                ],
                "defaultPath": {
                  "type": "BLUEPRINT",
                  "reversed": false,
                  "buttonLocation": "NONE",
                  "pressurePlaceLocation": "NONE",
                  "keyMetas": []
                }
              }
            }
          ],
          "roomID": 1
        },
        {
          "pos": [
            11,
            2,
            12
          ],
          "wallConfiguration": [
            {
              "face": "west",
              "config": {
                "type": "INTERNAL",
                "wallConfiguration": [],
                "defaultPath": {
                  "type": "BLUEPRINT",
                  "reversed": false,
                  "buttonLocation": "NONE",
                  "pressurePlaceLocation": "NONE",
                  "keyMetas": []
                }
              }
            },
            {
              "face": "east",
              "config": {
                "type": "INTERNAL",
                "wallConfiguration": [],
                "defaultPath": {
                  "type": "BLUEPRINT",
                  "reversed": false,
                  "buttonLocation": "NONE",
                  "pressurePlaceLocation": "NONE",
                  "keyMetas": []
                }
              }
            },
            {
              "face": "south",
              "config": {
                "type": "INTERNAL",
                "wallConfiguration": [],
                "defaultPath": {
                  "type": "BLUEPRINT",
                  "reversed": false,
                  "buttonLocation": "NONE",
                  "pressurePlaceLocation": "NONE",
                  "keyMetas": []
                }
              }
            },
            {
              "face": "north",
              "config": {
                "type": "EXTERNAL",
                "wallConfiguration": [],
                "defaultPath": {
                  "type": "BLUEPRINT",
                  "reversed": false,
                  "buttonLocation": "NONE",
                  "pressurePlaceLocation": "NONE",
                  "keyMetas": []
                }
              }
            }
          ],
          "roomID": 1
        },
        {
          "pos": [
            10,
            2,
            13
          ],
          "wallConfiguration": [
            {
              "face": "west",
              "config": {
                "type": "EXTERNAL",
                "wallConfiguration": [],
                "defaultPath": {
                  "type": "BLUEPRINT",
                  "reversed": false,
                  "buttonLocation": "NONE",
                  "pressurePlaceLocation": "NONE",
                  "keyMetas": []
                }
              }
            },
            {
              "face": "east",
              "config": {
                "type": "INTERNAL",
                "wallConfiguration": [],
                "defaultPath": {
                  "type": "BLUEPRINT",
                  "reversed": false,
                  "buttonLocation": "NONE",
                  "pressurePlaceLocation": "NONE",
                  "keyMetas": []
                }
              }
            },
            {
              "face": "south",
              "config": {
                "type": "INTERNAL",
                "wallConfiguration": [],
                "defaultPath": {
                  "type": "BLUEPRINT",
                  "reversed": false,
                  "buttonLocation": "NONE",
                  "pressurePlaceLocation": "NONE",
                  "keyMetas": []
                }
              }
            },
            {
              "face": "north",
              "config": {
                "type": "INTERNAL",
                "wallConfiguration": [],
                "defaultPath": {
                  "type": "BLUEPRINT",
                  "reversed": false,
                  "buttonLocation": "NONE",
                  "pressurePlaceLocation": "NONE",
                  "keyMetas": []
                }
              }
            }
          ],
          "roomID": 1
        },
        {
          "pos": [
            12,
            2,
            12
          ],
          "wallConfiguration": [
            {
              "face": "west",
              "config": {
                "type": "INTERNAL",
                "wallConfiguration": [],
                "defaultPath": {
                  "type": "BLUEPRINT",
                  "reversed": false,
                  "buttonLocation": "NONE",
                  "pressurePlaceLocation": "NONE",
                  "keyMetas": []
                }
              }
            },
            {
              "face": "east",
              "config": {
                "type": "ROOM_ADJACENT",
                "wallConfiguration": [
                  {
                    "slot": 6,
                    "config": {
                      "type": "OPEN",
                      "reversed": false,
                      "buttonLocation": "NONE",
                      "pressurePlaceLocation": "NONE",
                      "keyMetas": [
                        13
                      ]
                    }
                  }
                ],
                "defaultPath": {
                  "type": "BLUEPRINT",
                  "reversed": false,
                  "buttonLocation": "NONE",
                  "pressurePlaceLocation": "NONE",
                  "keyMetas": []
                }
              }
            },
            {
              "face": "south",
              "config": {
                "type": "INTERNAL",
                "wallConfiguration": [],
                "defaultPath": {
                  "type": "BLUEPRINT",
                  "reversed": false,
                  "buttonLocation": "NONE",
                  "pressurePlaceLocation": "NONE",
                  "keyMetas": []
                }
              }
            },
            {
              "face": "north",
              "config": {
                "type": "EXTERNAL",
                "wallConfiguration": [],
                "defaultPath": {
                  "type": "BLUEPRINT",
                  "reversed": false,
                  "buttonLocation": "NONE",
                  "pressurePlaceLocation": "NONE",
                  "keyMetas": []
                }
              }
            }
          ],
          "roomID": 1
        },
        {
          "pos": [
            11,
            2,
            13
          ],
          "wallConfiguration": [
            {
              "face": "west",
              "config": {
                "type": "INTERNAL",
                "wallConfiguration": [],
                "defaultPath": {
                  "type": "BLUEPRINT",
                  "reversed": false,
                  "buttonLocation": "NONE",
                  "pressurePlaceLocation": "NONE",
                  "keyMetas": []
                }
              }
            },
            {
              "face": "east",
              "config": {
                "type": "INTERNAL",
                "wallConfiguration": [],
                "defaultPath": {
                  "type": "BLUEPRINT",
                  "reversed": false,
                  "buttonLocation": "NONE",
                  "pressurePlaceLocation": "NONE",
                  "keyMetas": []
                }
              }
            },
            {
              "face": "south",
              "config": {
                "type": "INTERNAL",
                "wallConfiguration": [],
                "defaultPath": {
                  "type": "BLUEPRINT",
                  "reversed": false,
                  "buttonLocation": "NONE",
                  "pressurePlaceLocation": "NONE",
                  "keyMetas": []
                }
              }
            },
            {
              "face": "north",
              "config": {
                "type": "INTERNAL",
                "wallConfiguration": [],
                "defaultPath": {
                  "type": "BLUEPRINT",
                  "reversed": false,
                  "buttonLocation": "NONE",
                  "pressurePlaceLocation": "NONE",
                  "keyMetas": []
                }
              }
            }
          ],
          "roomID": 1
        },
        {
          "pos": [
            10,
            2,
            14
          ],
          "wallConfiguration": [
            {
              "face": "west",
              "config": {
                "type": "EXTERNAL",
                "wallConfiguration": [],
                "defaultPath": {
                  "type": "BLUEPRINT",
                  "reversed": false,
                  "buttonLocation": "NONE",
                  "pressurePlaceLocation": "NONE",
                  "keyMetas": []
                }
              }
            },
            {
              "face": "east",
              "config": {
                "type": "INTERNAL",
                "wallConfiguration": [],
                "defaultPath": {
                  "type": "BLUEPRINT",
                  "reversed": false,
                  "buttonLocation": "NONE",
                  "pressurePlaceLocation": "NONE",
                  "keyMetas": []
                }
              }
            },
            {
              "face": "south",
              "config": {
                "type": "EXTERNAL",
                "wallConfiguration": [],
                "defaultPath": {
                  "type": "BLUEPRINT",
                  "reversed": false,
                  "buttonLocation": "NONE",
                  "pressurePlaceLocation": "NONE",
                  "keyMetas": []
                }
              }
            },
            {
              "face": "north",
              "config": {
                "type": "INTERNAL",
                "wallConfiguration": [],
                "defaultPath": {
                  "type": "BLUEPRINT",
                  "reversed": false,
                  "buttonLocation": "NONE",
                  "pressurePlaceLocation": "NONE",
                  "keyMetas": []
                }
              }
            }
          ],
          "roomID": 1
        },
        {
          "pos": [
            12,
            2,
            13
          ],
          "wallConfiguration": [
            {
              "face": "west",
              "config": {
                "type": "INTERNAL",
                "wallConfiguration": [],
                "defaultPath": {
                  "type": "BLUEPRINT",
                  "reversed": false,
                  "buttonLocation": "NONE",
                  "pressurePlaceLocation": "NONE",
                  "keyMetas": []
                }
              }
            },
            {
              "face": "east",
              "config": {
                "type": "ROOM_ADJACENT",
                "wallConfiguration": [
                  {
                    "slot": 3,
                    "config": {
                      "type": "OPEN",
                      "reversed": false,
                      "buttonLocation": "NONE",
                      "pressurePlaceLocation": "NONE",
                      "keyMetas": [
                        13
                      ]
                    }
                  }
                ],
                "defaultPath": {
                  "type": "BLUEPRINT",
                  "reversed": false,
                  "buttonLocation": "NONE",
                  "pressurePlaceLocation": "NONE",
                  "keyMetas": []
                }
              }
            },
            {
              "face": "south",
              "config": {
                "type": "INTERNAL",
                "wallConfiguration": [],
                "defaultPath": {
                  "type": "BLUEPRINT",
                  "reversed": false,
                  "buttonLocation": "NONE",
                  "pressurePlaceLocation": "NONE",
                  "keyMetas": []
                }
              }
            },
            {
              "face": "north",
              "config": {
                "type": "INTERNAL",
                "wallConfiguration": [],
                "defaultPath": {
                  "type": "BLUEPRINT",
                  "reversed": false,
                  "buttonLocation": "NONE",
                  "pressurePlaceLocation": "NONE",
                  "keyMetas": []
                }
              }
            }
          ],
          "roomID": 1
        },
        {
          "pos": [
            11,
            2,
            14
          ],
          "wallConfiguration": [
            {
              "face": "west",
              "config": {
                "type": "INTERNAL",
                "wallConfiguration": [],
                "defaultPath": {
                  "type": "BLUEPRINT",
                  "reversed": false,
                  "buttonLocation": "NONE",
                  "pressurePlaceLocation": "NONE",
                  "keyMetas": []
                }
              }
            },
            {
              "face": "east",
              "config": {
                "type": "INTERNAL",
                "wallConfiguration": [],
                "defaultPath": {
                  "type": "BLUEPRINT",
                  "reversed": false,
                  "buttonLocation": "NONE",
                  "pressurePlaceLocation": "NONE",
                  "keyMetas": []
                }
              }
            },
            {
              "face": "south",
              "config": {
                "type": "EXTERNAL",
                "wallConfiguration": [],
                "defaultPath": {
                  "type": "BLUEPRINT",
                  "reversed": false,
                  "buttonLocation": "NONE",
                  "pressurePlaceLocation": "NONE",
                  "keyMetas": []
                }
              }
            },
            {
              "face": "north",
              "config": {
                "type": "INTERNAL",
                "wallConfiguration": [],
                "defaultPath": {
                  "type": "BLUEPRINT",
                  "reversed": false,
                  "buttonLocation": "NONE",
                  "pressurePlaceLocation": "NONE",
                  "keyMetas": []
                }
              }
            }
          ],
          "roomID": 1
        },
        {
          "pos": [
            12,
            2,
            14
          ],
          "wallConfiguration": [
            {
              "face": "west",
              "config": {
                "type": "INTERNAL",
                "wallConfiguration": [],
                "defaultPath": {
                  "type": "BLUEPRINT",
                  "reversed": false,
                  "buttonLocation": "NONE",
                  "pressurePlaceLocation": "NONE",
                  "keyMetas": []
                }
              }
            },
            {
              "face": "east",
              "config": {
                "type": "EXTERNAL",
                "wallConfiguration": [],
                "defaultPath": {
                  "type": "BLUEPRINT",
                  "reversed": false,
                  "buttonLocation": "NONE",
                  "pressurePlaceLocation": "NONE",
                  "keyMetas": []
                }
              }
            },
            {
              "face": "south",
              "config": {
                "type": "EXTERNAL",
                "wallConfiguration": [],
                "defaultPath": {
                  "type": "BLUEPRINT",
                  "reversed": false,
                  "buttonLocation": "NONE",
                  "pressurePlaceLocation": "NONE",
                  "keyMetas": []
                }
              }
            },
            {
              "face": "north",
              "config": {
                "type": "INTERNAL",
                "wallConfiguration": [],
                "defaultPath": {
                  "type": "BLUEPRINT",
                  "reversed": false,
                  "buttonLocation": "NONE",
                  "pressurePlaceLocation": "NONE",
                  "keyMetas": []
                }
              }
            }
          ],
          "roomID": 1
        }
      ],
      "tagList": [
        "rm_1"
      ],
      "canPlayerSpawn": true,
      "doors": []
    },
    {
      "pos": [
        80,
        16,
        88
      ],
      "name": "Room_0",
      "color": -16711936,
      "type": "ROOM",
      "canProceed": false,
      "isDone": false,
      "completionTime": 0,
      "uuid": "616b7930-6748-4ac7-a397-a543693368bf",
      "pos2": [
        87,
        23,
        95
      ],
      "blockFloorMeta": 0,
      "blockFloorName": "polycraft:expblock",
      "blockWallMeta": 0,
      "blockWallName": "polycraft:expblock",
      "blockWallMetaTwo": 0,
      "blockCeilMeta": 0,
      "blockCeilName": "minecraft:air",
      "blockRefMeta": 0,
      "blockRefName": "minecraft:grass",
      "spawnRefBlocks": false,
      "recycleRefSeed": true,
      "isChunkBased": true,
      "refSeed": 230179588,
      "refSpawnChance": 0.0,
      "intensity": 151,
      "useRandomMeta": false,
      "wallTexture": "T2",
      "wallColor": "T1",
      "floorTexture": "T6",
      "floorColor": "T1",
      "chunks": [
        {
          "pos": [
            10,
            2,
            11
          ],
          "wallConfiguration": [
            {
              "face": "west",
              "config": {
                "type": "EXTERNAL",
                "wallConfiguration": [],
                "defaultPath": {
                  "type": "BLUEPRINT",
                  "reversed": false,
                  "buttonLocation": "NONE",
                  "pressurePlaceLocation": "NONE",
                  "keyMetas": []
                }
              }
            },
            {
              "face": "east",
              "config": {
                "type": "EXTERNAL",
                "wallConfiguration": [],
                "defaultPath": {
                  "type": "BLUEPRINT",
                  "reversed": false,
                  "buttonLocation": "NONE",
                  "pressurePlaceLocation": "NONE",
                  "keyMetas": []
                }
              }
            },
            {
              "face": "south",
              "config": {
                "type": "ROOM_ADJACENT",
                "wallConfiguration": [
                  {
                    "slot": 6,
                    "config": {
                      "type": "OPEN",
                      "reversed": false,
                      "buttonLocation": "NONE",
                      "pressurePlaceLocation": "NONE",
                      "keyMetas": [
                        13
                      ]
                    }
                  }
                ],
                "defaultPath": {
                  "type": "BLUEPRINT",
                  "reversed": false,
                  "buttonLocation": "NONE",
                  "pressurePlaceLocation": "NONE",
                  "keyMetas": []
                }
              }
            },
            {
              "face": "north",
              "config": {
                "type": "EXTERNAL",
                "wallConfiguration": [],
                "defaultPath": {
                  "type": "BLUEPRINT",
                  "reversed": false,
                  "buttonLocation": "NONE",
                  "pressurePlaceLocation": "NONE",
                  "keyMetas": []
                }
              }
            }
          ],
          "roomID": 0
        }
      ],
      "tagList": [
        "rm_0"
      ],
      "canPlayerSpawn": false,
      "doors": []
    },
    {
      "pos": [
        0,
        0,
        0
      ],
      "name": "SeedSpawn_1",
      "color": -256,
      "type": "SEED_SPAWN",
      "canProceed": false,
      "isDone": false,
      "completionTime": 0,
      "uuid": "a4ead2bb-f80c-4902-a241-3c175ad1c5da",
      "stepCount": 0
    },
    {
      "pos": [
        80,
        17,
        88
      ],
      "name": "map",
      "color": -256,
      "type": "DATA",
      "canProceed": true,
      "isDone": false,
      "completionTime": 0,
      "uuid": "3b0fe8ec-9874-4bd7-9422-f61f577328fc",
      "pos2": [
        159,
        18,
        127
      ],
      "data": " "
    },
    {
      "pos": [
        5,
        4,
        3
      ],
      "name": "Shader 12",
      "color": -16711936,
      "type": "SHADER",
      "canProceed": false,
      "isDone": false,
      "completionTime": 0,
      "uuid": "4ff16194-9889-43a6-8e40-9fa6e687f157",
      "shaderType": "NONE",
      "intensity": 0,
      "seed": 0,
      "boxStart": 0,
      "boxEnd": 0,
      "macguffinColor": -15579597
    },
    {
      "pos": [
        7,
        4,
        26
      ],
      "name": "dest",
      "color": -256,
      "type": "DATA",
      "canProceed": true,
      "isDone": false,
      "completionTime": 0,
      "uuid": "2c4be521-085f-4b95-b42a-1fe8b01e57bd",
      "pos2": [
        7,
        4,
        26
      ],
      "data": " "
    },
    {
      "pos": [
        1,
        4,
        17
      ],
      "name": "room sw",
      "color": -256,
      "type": "DATA",
      "canProceed": true,
      "isDone": false,
      "completionTime": 0,
      "uuid": "4c8eda00-82c5-4cdf-8116-b7e51380fecd",
      "pos2": [
        14,
        4,
        30
      ],
      "data": " "
    },
    {
      "pos": [
        1,
        4,
        1
      ],
      "name": "room 1",
      "color": -256,
      "type": "DATA",
      "canProceed": true,
      "isDone": false,
      "completionTime": 0,
      "uuid": "0ee2866d-5a0f-4ee8-b2cf-df8161c82f2c",
      "pos2": [
        14,
        4,
        14
      ],
      "data": " "
    },
    {
      "pos": [
        17,
        4,
        1
      ],
      "name": "room 2",
      "color": -256,
      "type": "DATA",
      "canProceed": true,
      "isDone": false,
      "completionTime": 0,
      "uuid": "c1b746ac-da67-4bdf-9a0b-537255a58307",
      "pos2": [
        30,
        4,
        14
      ],
      "data": " "
    },
    {
      "pos": [
        17,
        4,
        17
      ],
      "name": "room 3",
      "color": -256,
      "type": "DATA",
      "canProceed": true,
      "isDone": false,
      "completionTime": 0,
      "uuid": "6edf9eb4-87b7-478f-99b2-cc56bfcabbb9",
      "pos2": [
        30,
        4,
        30
      ],
      "data": " "
    },
    {
      "pos": [
        17,
        4,
        1
      ],
      "name": "World Builder 8",
      "color": -16711936,
      "type": "WORLDGEN",
      "canProceed": false,
      "isDone": false,
      "completionTime": 0,
      "uuid": "fdbf813a-3969-4f6d-8162-2640d615fccc",
      "pos2": [
        30,
        4,
        14
      ],
      "count": 30,
      "genType": "BLOCK_LIST",
      "blockList": [
        {
          "blockPos": [
            112,
            17,
            97
          ],
          "blockDef": {
            "blockName": "polycraft:macguffin",
            "blockMeta": 0
          }
        }
      ],
      "chestList": [
        {
          "blockPos": [
            84,
            17,
            93
          ],
          "chestDef": {
            "meta": 0,
            "containerType": "CHEST"
          }
        },
        {
          "blockPos": [
            126,
            17,
            117
          ],
          "chestDef": {
            "meta": 0,
            "containerType": "CHEST"
          }
        },
        {
          "blockPos": [
            106,
            17,
            107
          ],
          "chestDef": {
            "itemList": [
              {
                "slot": 0,
                "itemDef": {
                  "itemName": "polycraft:key",
                  "itemMeta": 4,
                  "count": 1
                }
              }
            ],
            "meta": 0,
            "containerType": "CHEST"
          }
        },
        {
          "blockPos": [
            101,
            17,
            115
          ],
          "chestDef": {
            "meta": 0,
            "containerType": "CHEST"
          }
        },
        {
          "blockPos": [
            85,
            17,
            101
          ],
          "chestDef": {
            "itemList": [
              {
                "slot": 0,
                "itemDef": {
                  "itemName": "polycraft:key",
                  "itemMeta": 2,
                  "count": 1
                }
              }
            ],
            "meta": 0,
            "containerType": "CHEST"
          }
        },
        {
          "blockPos": [
            138,
            17,
            114
          ],
          "chestDef": {
            "itemList": [
              {
                "slot": 0,
                "itemDef": {
                  "itemName": "polycraft:key",
                  "itemMeta": 1,
                  "count": 1
                }
              }
            ],
            "meta": 0,
            "containerType": "CHEST"
          }
        },
        {
          "blockPos": [
            91,
            17,
            98
          ],
          "chestDef": {
            "meta": 0,
            "containerType": "CHEST"
          }
        },
        {
          "blockPos": [
            131,
            17,
            124
          ],
          "chestDef": {
            "meta": 0,
            "containerType": "CHEST"
          }
        },
        {
          "blockPos": [
            85,
            17,
            111
          ],
          "chestDef": {
            "meta": 0,
            "containerType": "CHEST"
          }
        },
        {
          "blockPos": [
            95,
            17,
            103
          ],
          "chestDef": {
            "meta": 0,
            "containerType": "CHEST"
          }
        },
        {
          "blockPos": [
            139,
            17,
            122
          ],
          "chestDef": {
            "meta": 0,
            "containerType": "CHEST"
          }
        },
        {
          "blockPos": [
            110,
            17,
            91
          ],
          "chestDef": {
            "meta": 0,
            "containerType": "CHEST"
          }
        },
        {
          "blockPos": [
            82,
            17,
            90
          ],
          "chestDef": {
            "meta": 0,
            "containerType": "CHEST"
          }
        },
        {
          "blockPos": [
            113,
            17,
            93
          ],
          "chestDef": {
            "meta": 0,
            "containerType": "CHEST"
          }
        },
        {
          "blockPos": [
            131,
            17,
            109
          ],
          "chestDef": {
            "meta": 0,
            "containerType": "CHEST"
          }
        }
      ]
    },
    {
      "pos": [
        3,
        4,
        6
      ],
      "name": "Add Items 6",
      "color": -256,
      "type": "ADD_ITEMS",
      "canProceed": false,
      "isDone": false,
      "completionTime": 0,
      "uuid": "b6ae0b79-e683-4c8a-b33c-39659562c617"
    },
    {
      "pos": [
        152,
        17,
        122
      ],
      "name": "End Condition",
      "color": -256,
      "type": "END",
      "canProceed": true,
      "isDone": false,
      "completionTime": 0,
      "uuid": "db3e5cd8-6749-11ea-bc55-0242ac130003",
      "endCondition": "BLOCK_TO_LOCATION",
      "itemToAcquire": "",
      "blockToPlace": "polycraft:macguffin",
      "locationToReach": [
        152,
        17,
        122
      ],
      "endTime": 0.0,
      "endStepCost": 0.0,
      "isFinished": false,
      "blockName": "minecraft:lapis_block",
      "blockMeta": 0
    },
    {
      "pos": [
        15,
        1,
        15
      ],
      "name": "Guide 4",
      "color": -256,
      "type": "GUIDE",
      "canProceed": false,
      "isDone": false,
      "completionTime": 0,
      "uuid": "5d9adf72-ef99-4954-b0c3-fd52687b0d0b",
      "pos2": [
        15,
        1,
        15
      ]
    }
  ],
  "options": {
    "pos": [
      0,
      0,
      0
    ],
    "pos2": [
      31,
      9,
      31
    ],
    "name": "",
    "numTeams": 1,
    "teamSize": 1,
    "seed": 1613558545,
    "hideGui": false,
    "outputScreen": false,
    "distribution": "Uninformed"
  },
  "novelty_config": {
    "seed": 0,
    "templatePath": "../Novelty/input/hgv1_1.json",
    "novelties": [
      {
        "blockName": "polycraft:expblock",
        "blockMeta": 0,
        "type": "RoomGenTransform",
        "roomGenOrder": [
          0,
          1,
          2,
          3,
          4
        ],
        "roomGenOrderR": [
          1,
          1,
          1,
          1,
          1
        ],
        "linearRooms": true,
        "roomGenTransformType": "UPDATE_ROOMS",
        "roomTypes": [
          {
            "xMin": 1,
            "xMax": 1,
            "yMin": 1,
            "yMax": 1,
            "zMin": 1,
            "zMax": 1,
            "blockFloorName": "polycraft:expblock",
            "blockCeilName": "minecraft:air",
            "blockWallName": "polycraft:expblock",
            "blockRefName": "minecraft:grass",
            "canPlayerSpawn": false,
            "tagList": [
              "rm_0"
            ]
          },
          {
            "xMin": 2,
            "xMax": 3,
            "yMin": 1,
            "yMax": 1,
            "zMin": 2,
            "zMax": 3,
            "blockFloorName": "polycraft:expblock",
            "blockCeilName": "minecraft:air",
            "blockWallName": "polycraft:expblock",
            "blockRefName": "minecraft:grass",
            "canPlayerSpawn": true,
            "tagList": [
              "rm_1"
            ]
          },
          {
            "xMin": 2,
            "xMax": 3,
            "yMin": 1,
            "yMax": 1,
            "zMin": 2,
            "zMax": 3,
            "blockFloorName": "polycraft:expblock",
            "blockCeilName": "minecraft:air",
            "blockWallName": "polycraft:expblock",
            "blockRefName": "minecraft:grass",
            "canPlayerSpawn": false,
            "tagList": [
              "rm_2"
            ]
          },
          {
            "xMin": 2,
            "xMax": 3,
            "yMin": 1,
            "yMax": 1,
            "zMin": 2,
            "zMax": 3,
            "blockFloorName": "polycraft:expblock",
            "blockCeilName": "minecraft:air",
            "blockWallName": "polycraft:expblock",
            "blockRefName": "minecraft:grass",
            "canPlayerSpawn": false,
            "tagList": [
              "rm_3"
            ]
          },
          {
            "xMin": 2,
            "xMax": 3,
            "yMin": 1,
            "yMax": 1,
            "zMin": 2,
            "zMax": 3,
            "blockFloorName": "polycraft:expblock",
            "blockCeilName": "minecraft:air",
            "blockWallName": "polycraft:expblock",
            "blockRefName": "minecraft:grass",
            "canPlayerSpawn": false,
            "tagList": [
              "rm_4",
              "locked_door"
            ]
          }
        ]
      },
      {
        "type": "RoomWallTransform",
        "keyMetas": [
          1,
          2,
          4
        ],
        "maxDoors": 4,
        "transformType": "ADD_PATHS"
      },
      {
        "blockName": "minecraft:chest",
        "type": "WorldGenTransform",
        "transformType": "BLOCK_LOCATION",
        "countOffset": 2,
        "tagList": [
          "rm_0"
        ]
      },
      {
        "blockName": "minecraft:chest",
        "type": "WorldGenTransform",
        "transformType": "BLOCK_LOCATION",
        "overrideCount": true,
        "countMin": 10,
        "countMax": 15,
        "itemList": [
          {
            "itemName": "polycraft:key",
            "itemMeta": 1,
            "count": 1
          },
          {
            "itemName": "polycraft:key",
            "itemMeta": 2,
            "count": 1
          },
          {
            "itemName": "polycraft:key",
            "itemMeta": 4,
            "count": 1
          }
        ],
        "tagList": [
          "rm_1",
          "rm_2",
          "rm_3"
        ]
      },
      {
        "blockName": "polycraft:macguffin",
        "type": "WorldGenTransform",
        "transformType": "BLOCK_LOCATION",
        "tagList": [
          "rm_2"
        ]
      },
      {
        "blockName": "minecraft:lapis_block",
        "type": "TargetDestTransform",
        "transformType": "BLOCK_LOCATION",
        "tagList": [
          "rm_4"
        ]
      },
      {
        "type": "AddActorTransform",
        "transformType": "DOG",
        "tagList": [
          "rm_1"
        ]
      },
      {
        "type": "AddActorTransform",
        "transformType": "PATROL",
        "tagList": [
          "rm_1",
          "gray"
        ]
      },
      {
        "type": "AddActorTransform",
        "transformType": "PATROL",
        "tagList": [
          "rm_2",
          "red",
          "gray"
        ]
      },
      {
        "type": "AddActorTransform",
        "transformType": "PATROL",
        "tagList": [
          "rm_3",
          "red",
          "gray"
        ]
      },
      {
        "type": "AddActorTransform",
        "transformType": "PATROL",
        "tagList": [
          "rm_4",
          "red",
          "gray"
        ]
      },
      {
        "type": "AddActorTransform",
        "transformType": "LOCKSMITH",
        "tagList": [
          "rm_1"
        ]
      }
    ],
    "seedOverride": 1613558545,
    "generatedTimeStamp": "2022-01-18 11:36:40.934"
  }
}